[{"model": "mydidata.question", "pk": 1, "fields": {"uuid": "cDFw6cFL2zDv9AswRmsEe6", "index": 1, "question_text": "<p>Question 1</p>", "is_discursive": false, "difficulty_level": 3, "question_type": 1, "topic": 1}}, {"model": "mydidata.question", "pk": 2, "fields": {"uuid": "NtY7rivGQejhueVoNwr94S", "index": 1, "question_text": "<p>Question 2</p>", "is_discursive": false, "difficulty_level": 3, "question_type": 1, "topic": 1}}, {"model": "mydidata.question", "pk": 3, "fields": {"uuid": "e2f6SM78AkztvezefgbquA", "index": 1, "question_text": "<p>Question 3</p>", "is_discursive": false, "difficulty_level": 3, "question_type": 1, "topic": 1}}, {"model": "mydidata.question", "pk": 4, "fields": {"uuid": "BKUP8JQbJ48KfskUQECktB", "index": 1, "question_text": "<p>Question 4</p>", "is_discursive": false, "difficulty_level": 2, "question_type": 1, "topic": 1}}, {"model": "mydidata.question", "pk": 5, "fields": {"uuid": "N9WVusTeXPhMxkPBqpKWQE", "index": 1, "question_text": "<p>Question 5</p>", "is_discursive": false, "difficulty_level": 3, "question_type": 1, "topic": 1}}, {"model": "mydidata.question", "pk": 6, "fields": {"uuid": "ZZkkjYmAMeRbVbBbLUuqZM", "index": 1, "question_text": "<p>Question 6</p>", "is_discursive": false, "difficulty_level": 3, "question_type": 1, "topic": 1}}, {"model": "mydidata.question", "pk": 7, "fields": {"uuid": "BeaWss7JWRnWoNqP22iG78", "index": 1, "question_text": "<p>Question 7</p>", "is_discursive": true, "difficulty_level": 3, "question_type": 1, "topic": 1}}, {"model": "mydidata.question", "pk": 8, "fields": {"uuid": "rmRstT6jw8SmCiRHb4sFeN", "index": 1, "question_text": "<p>Analise o c&oacute;digo abaixo e informe qual a mensagem que ser&aacute; mostrada na tela ao final da execu&ccedil;&atilde;o do programa abaixo:</p>\r\n\r\n<pre>\r\n<code class=\"language-cpp\">#include &lt;stdio.h&gt;\r\nint main()\r\n{\r\n    float lista_temperaturas[5]={32.5, 15.3, 20.2, 31.5, 40.0};\r\n    printf(\"[%.2f, %.2f, %.2f]\\n\", lista_temperaturas[0], lista_temperaturas[2], lista_temperaturas[4]);\r\n    return 0;\r\n}</code></pre>", "is_discursive": true, "difficulty_level": 3, "question_type": 1, "topic": 5}}, {"model": "mydidata.question", "pk": 9, "fields": {"uuid": "CR38wCMShCaEAxXSQXAR4S", "index": 2, "question_text": "<p>Analise o c&oacute;digo abaixo e informe qual a mensagem que ser&aacute; mostrada na tela ao final da execu&ccedil;&atilde;o do programa abaixo:</p>\r\n\r\n<pre>\r\n<code class=\"language-cpp\">#include &lt;stdio.h&gt;\r\nint main()\r\n{\r\n    float lista_temperaturas[5]={32.5, 15.3, 20.2, 31.5, 40.0};\r\n    float t = 42.7;\r\n    lista_temperaturas[4] = t;\r\n    lista_temperaturas[0] = lista_temperaturas[2];\r\n    lista_temperaturas[2] = lista_temperaturas[3];\r\n\r\n    printf(\"[%.2f, %.2f, %.2f]\\n\", lista_temperaturas[0], lista_temperaturas[2], lista_temperaturas[4]);\r\n    return 0;\r\n}</code></pre>", "is_discursive": true, "difficulty_level": 3, "question_type": 1, "topic": 5}}, {"model": "mydidata.question", "pk": 10, "fields": {"uuid": "fgztUrJayJiCpoA3VK2Bsa", "index": 3, "question_text": "<p>Modifique o programa abaixo para imprimir as temperaturas do primeiro e do s&eacute;timo dias em Fahrenheit:</p>\r\n\r\n<pre>\r\n<code class=\"language-cpp\">#include &lt;stdio.h&gt;\r\nint main()\r\n{\r\n    float lista_temperaturas[7]={35.0, 32.5, 15.3, 20.2, 31.5, 40.0, 27.2};\r\n\r\n    //imprimir aqui as temperaturas do primeiro e s\u00e9timo dias em \u00baF.\r\n\r\n    return 0;\r\n}</code></pre>", "is_discursive": true, "difficulty_level": 3, "question_type": 1, "topic": 5}}, {"model": "mydidata.question", "pk": 11, "fields": {"uuid": "s9AFgqEHPWEQtfrLp9tDb2", "index": 1, "question_text": "<p>Multiple Choice 1</p>", "is_discursive": false, "difficulty_level": 2, "question_type": 1, "topic": 4}}, {"model": "mydidata.question", "pk": 12, "fields": {"uuid": "KMJmCvQpxkvbgVqGWhrzQX", "index": 1, "question_text": "<p>Supondo que as temperaturas do programa abaixo s&atilde;o digitadas em &ordm;C, altere o programa&nbsp;para imprimir todas as temperaturas do vetor em &ordm;F.</p>\r\n\r\n<pre>\r\n<code class=\"language-cpp\">#include &lt;stdio.h&gt;\r\nint main()\r\n{\r\n    float lista_temperaturas[7];\r\n    int index;\r\n    \r\n    for(index=0; index&lt;7; index++)\r\n    {\r\n        printf(\"\\nDigite a temperatura do dia %i em Celsius: \", index + 1);\r\n        scanf(\"%f\", &amp;lista_temperaturas[index]);\r\n    }\r\n\r\n    //Insira aqui o c\u00f3digo para imprimir o vetor lista_temperaturas em graus Fahrenheit.\r\n    \r\n    return 0;\r\n}</code></pre>", "is_discursive": true, "difficulty_level": 3, "question_type": 1, "topic": 7}}, {"model": "mydidata.question", "pk": 13, "fields": {"uuid": "Q5tySwrKbHDpADTxvnbEW2", "index": 2, "question_text": "<p>Fa&ccedil;a um programa que leia dois vetores A e B, com 30 temperaturas cada e preencha um terceiro vetor C, tal que, cada posi&ccedil;&atilde;o de C seja a diferen&ccedil;a entre as temperaturas de B&nbsp;e A&nbsp;nessa posi&ccedil;&atilde;o:&nbsp;&nbsp;C[i] = B[i] - A[i]. Veja o exemplo abaixo:</p>\r\n\r\n<p>A = [30.0, 25.0, 40.2, 41.0];</p>\r\n\r\n<p>B = [35.0, 27.0, 35.0, 41.0&nbsp;];</p>\r\n\r\n<p>C = B - A = [5.0, 2.0, -5.2, 0.0]</p>\r\n\r\n<p>Ao final o programa deve mostrar o conte&uacute;do do vetor C.</p>", "is_discursive": true, "difficulty_level": 2, "question_type": 1, "topic": 7}}, {"model": "mydidata.question", "pk": 14, "fields": {"uuid": "oHxUwQCqUCgHfSdgwvYdq2", "index": 3, "question_text": "<p>Fa&ccedil;a um programa que leia um conjunto de temperaturas em um vetor a partir de um arquivo e preencha um <strong>segundo vetor contendo todas as temperaturas convertidas para graus Fahrenheit</strong>. Ao final o programa deve mostrar as temperaturas do segundo vetor.&nbsp;Veja o exemplo abaixo:</p>\r\n\r\n<p>Crie um arquivo contendo as temperaturas em graus Celsius abaixo:</p>\r\n\r\n<p>30.2</p>\r\n\r\n<p>35.0</p>\r\n\r\n<p>15.7</p>\r\n\r\n<p>18.4</p>\r\n\r\n<p>O programa deve ler as temperaturas do arquivo em um vetor em mem&oacute;ria:</p>\r\n\r\n<p>tempCelsius = [30.2, 35.0, 15.7, 18.4];</p>\r\n\r\n<p>E converter as temperaturas para Fahrenheit, armazenando-as em um segundo vetor:</p>\r\n\r\n<p>tempFahrenheit = [575.6, 95.0,&nbsp; 314.6, 363.2]</p>", "is_discursive": true, "difficulty_level": 2, "question_type": 1, "topic": 7}}, {"model": "mydidata.question", "pk": 15, "fields": {"uuid": "S3ZZKv7s4KdLVyVASqHCDT", "index": 4, "question_text": "<p>Fa&ccedil;a um programa que leia um vetor com 30 temperaturas (para 30 dias do m&ecirc;s) e informe todos os dias em que a temperatura superou os 40 graus Celsius. Veja o exemplo abaixo:</p>\r\n\r\n<p>seja o vetor lido:&nbsp; [35.0, 15.6, 17.8, <span style=\"color:#e74c3c\">40.2</span>, <span style=\"color:#e74c3c\">41.6,</span> 27.0, <span style=\"color:#e74c3c\">42.0</span>, ...], o programa deve informar que os dias <span style=\"color:#e74c3c\">4, 5 e 6</span> registraram temperaturas acima de 40 graus Celsius.</p>\r\n\r\n<p><span style=\"color:#e74c3c\">Dica: os dias da semana s&atilde;o equivalentes aos &iacute;ndices do vetor!</span></p>", "is_discursive": true, "difficulty_level": 2, "question_type": 1, "topic": 7}}, {"model": "mydidata.question", "pk": 16, "fields": {"uuid": "kG64vvdECGot3KaXut7375", "index": 1, "question_text": "<p>Digite a tabela abaixo, formate de acordo e calcule a coluna <strong>M&eacute;dia. </strong>Ao final, salve o arquivo e anexe como resposta ao exerc&iacute;cio.</p>\r\n\r\n<p><img alt=\"\" src=\"/media/uploads/2018/02/06/calc12_MdHVUgT.png\" style=\"height:216px; width:638px\" /></p>\r\n\r\n<ol start=\"1\" style=\"list-style-type:lower-alpha\">\r\n\t<li>Mescle e centralize a primeira linha;</li>\r\n\t<li>centralize as c&eacute;lulas que cont&eacute;m as notas;</li>\r\n\t<li>coloque a primeira e segunda linhas em <strong>Negrito;</strong></li>\r\n\t<li>Altere o plano de fundo para alternar a cor das linhas;</li>\r\n\t<li>Adicione bordas horizontais &agrave; planilha;</li>\r\n\t<li>Insira a f&oacute;rmula para calcular as m&eacute;dias dos alunos&nbsp;.</li>\r\n</ol>\r\n\r\n<p>&nbsp;</p>", "is_discursive": true, "difficulty_level": 3, "question_type": 1, "topic": 8}}, {"model": "mydidata.question", "pk": 17, "fields": {"uuid": "52qUQutf78MXpjo9LXg5vA", "index": 2, "question_text": "<p>Digite a tabela abaixo e fa&ccedil;a o que se pede:</p>\r\n\r\n<p><img alt=\"\" src=\"/media/uploads/2018/02/06/calc13.png\" style=\"height:188px; width:383px\" /></p>\r\n\r\n<ol start=\"1\" style=\"list-style-type:lower-alpha\">\r\n\t<li>Formate de acordo com a imagem;</li>\r\n\t<li>Calcule a coluna <strong>Pre&ccedil;o com Desconto&nbsp;</strong>atrav&eacute;s de uma f&oacute;rmula que subtraia a porcentagem contida&nbsp;na c&eacute;lula&nbsp;<strong>B9&nbsp;</strong>do pre&ccedil;o de cada produto. Por exemplo, o valor do pre&ccedil;o com desconto da mem&oacute;ria seria o seu pre&ccedil;o subtra&iacute;do de 10 porcento do seu pre&ccedil;o:&nbsp;&nbsp;350 - (350 * 10/100). Utilize o recurso de f&oacute;rmulas do Calc e refer&ecirc;ncias para as c&eacute;lulas&nbsp;para fazer esse c&aacute;lculo.</li>\r\n\t<li>Salve a planilha e anexe o arquivo como resposta a essa quest&atilde;o.</li>\r\n</ol>", "is_discursive": true, "difficulty_level": 3, "question_type": 1, "topic": 8}}, {"model": "mydidata.question", "pk": 18, "fields": {"uuid": "mudE4cjeycnC8dEHDZ95fS", "index": 1, "question_text": "<p>Clique&nbsp;<strong><a href=\"/media/uploads/2018/02/20/calc_ex1_8bjTUCK.ods\">aqui</a></strong>&nbsp;para baixar a planilha. Calcule a coluna pre&ccedil;o em R$ para os produtos abaixo usando uma refer&ecirc;ncia absoluta para a <strong>cota&ccedil;&atilde;o do d&oacute;lar</strong>, informada na c&eacute;lula <strong>B9.&nbsp;</strong>Ao&nbsp;final adicione&nbsp;a sua planilha como resposta do exerc&iacute;cio e clique em enviar.</p>", "is_discursive": true, "difficulty_level": 3, "question_type": 1, "topic": 9}}, {"model": "mydidata.question", "pk": 19, "fields": {"uuid": "UyqEukzP3cAsJ3nGMoc9xm", "index": 2, "question_text": "<p>Utilize a planilha do exerc&iacute;cio anterior. Adicione a porcentagem de impostos abaixo da cota&ccedil;&atilde;o do d&oacute;lar e calcule a coluna <strong>pre&ccedil;o com impostos</strong>&nbsp;utilizando uma refer&ecirc;ncia absoluta para&nbsp;a porcentagem estabelecida ao <strong>pre&ccedil;o em R$ </strong>e dando o devido acr&eacute;scimo para cada produto.</p>\r\n\r\n<p><strong><img alt=\"\" src=\"/media/uploads/2018/02/20/calc2ex2.png\" style=\"height:238px; width:584px\" /></strong></p>\r\n\r\n<p>&nbsp;</p>", "is_discursive": true, "difficulty_level": 2, "question_type": 1, "topic": 9}}, {"model": "mydidata.choice", "pk": 1, "fields": {"question": 1, "choice_text": "choice 1", "is_correct": false}}, {"model": "mydidata.choice", "pk": 2, "fields": {"question": 1, "choice_text": "choice 2", "is_correct": false}}, {"model": "mydidata.choice", "pk": 3, "fields": {"question": 1, "choice_text": "choice 3", "is_correct": true}}, {"model": "mydidata.choice", "pk": 4, "fields": {"question": 1, "choice_text": "choice 4", "is_correct": false}}, {"model": "mydidata.choice", "pk": 5, "fields": {"question": 2, "choice_text": "choice 1", "is_correct": true}}, {"model": "mydidata.choice", "pk": 6, "fields": {"question": 2, "choice_text": "choice 2", "is_correct": false}}, {"model": "mydidata.choice", "pk": 7, "fields": {"question": 2, "choice_text": "choice 3", "is_correct": false}}, {"model": "mydidata.choice", "pk": 8, "fields": {"question": 2, "choice_text": "choice 4", "is_correct": false}}, {"model": "mydidata.choice", "pk": 9, "fields": {"question": 3, "choice_text": "choice 1", "is_correct": false}}, {"model": "mydidata.choice", "pk": 10, "fields": {"question": 3, "choice_text": "choice 2", "is_correct": false}}, {"model": "mydidata.choice", "pk": 11, "fields": {"question": 3, "choice_text": "choice 3", "is_correct": false}}, {"model": "mydidata.choice", "pk": 12, "fields": {"question": 3, "choice_text": "choice 4", "is_correct": true}}, {"model": "mydidata.choice", "pk": 13, "fields": {"question": 4, "choice_text": "choice 1", "is_correct": false}}, {"model": "mydidata.choice", "pk": 14, "fields": {"question": 4, "choice_text": "choice 2", "is_correct": true}}, {"model": "mydidata.choice", "pk": 15, "fields": {"question": 4, "choice_text": "choice 3", "is_correct": false}}, {"model": "mydidata.choice", "pk": 16, "fields": {"question": 4, "choice_text": "choice 4", "is_correct": false}}, {"model": "mydidata.choice", "pk": 17, "fields": {"question": 5, "choice_text": "choice 1", "is_correct": false}}, {"model": "mydidata.choice", "pk": 18, "fields": {"question": 5, "choice_text": "choice 2", "is_correct": false}}, {"model": "mydidata.choice", "pk": 19, "fields": {"question": 5, "choice_text": "choice 3", "is_correct": true}}, {"model": "mydidata.choice", "pk": 20, "fields": {"question": 5, "choice_text": "choice 4", "is_correct": false}}, {"model": "mydidata.choice", "pk": 21, "fields": {"question": 6, "choice_text": "choice 1", "is_correct": false}}, {"model": "mydidata.choice", "pk": 22, "fields": {"question": 6, "choice_text": "choice 2", "is_correct": true}}, {"model": "mydidata.choice", "pk": 23, "fields": {"question": 6, "choice_text": "choice 3", "is_correct": false}}, {"model": "mydidata.choice", "pk": 24, "fields": {"question": 6, "choice_text": "choice 4", "is_correct": false}}, {"model": "mydidata.choice", "pk": 25, "fields": {"question": 11, "choice_text": "choice 1", "is_correct": true}}, {"model": "mydidata.choice", "pk": 26, "fields": {"question": 11, "choice_text": "choice 2", "is_correct": false}}, {"model": "mydidata.choice", "pk": 27, "fields": {"question": 11, "choice_text": "chocie 3", "is_correct": false}}, {"model": "mydidata.choice", "pk": 28, "fields": {"question": 11, "choice_text": "choice 4", "is_correct": false}}, {"model": "contenttypes.contenttype", "pk": 1, "fields": {"app_label": "mydidata", "model": "topic"}}, {"model": "contenttypes.contenttype", "pk": 2, "fields": {"app_label": "mydidata", "model": "question"}}, {"model": "contenttypes.contenttype", "pk": 3, "fields": {"app_label": "mydidata", "model": "choice"}}, {"model": "contenttypes.contenttype", "pk": 4, "fields": {"app_label": "mydidata", "model": "test"}}, {"model": "contenttypes.contenttype", "pk": 6, "fields": {"app_label": "admin", "model": "logentry"}}, {"model": "contenttypes.contenttype", "pk": 7, "fields": {"app_label": "auth", "model": "permission"}}, {"model": "contenttypes.contenttype", "pk": 8, "fields": {"app_label": "auth", "model": "group"}}, {"model": "contenttypes.contenttype", "pk": 9, "fields": {"app_label": "auth", "model": "user"}}, {"model": "contenttypes.contenttype", "pk": 10, "fields": {"app_label": "contenttypes", "model": "contenttype"}}, {"model": "contenttypes.contenttype", "pk": 11, "fields": {"app_label": "sessions", "model": "session"}}, {"model": "contenttypes.contenttype", "pk": 12, "fields": {"app_label": "mydidata", "model": "discipline"}}, {"model": "contenttypes.contenttype", "pk": 13, "fields": {"app_label": "mydidata", "model": "multiplechoiceanswer"}}, {"model": "contenttypes.contenttype", "pk": 14, "fields": {"app_label": "mydidata", "model": "discursiveanswer"}}, {"model": "contenttypes.contenttype", "pk": 15, "fields": {"app_label": "mydidata", "model": "answer"}}, {"model": "contenttypes.contenttype", "pk": 16, "fields": {"app_label": "mydidata", "model": "classroom"}}, {"model": "sessions.session", "pk": "24q1zbda44d9ij88t6kehuhcfi15kge7", "fields": {"session_data": "MjQ2NmQ3ZWU0NjkwMTk5ZjAzYzZhY2M5YTIwNmMwMTViM2E1NWFmNTp7Il9hdXRoX3VzZXJfaGFzaCI6IjljNjI1ZDMxNWFiNjY3OWM4YWQzN2YzYTgzMGIzYmM5YjU4ZjEyNjgiLCJfYXV0aF91c2VyX2JhY2tlbmQiOiJkamFuZ28uY29udHJpYi5hdXRoLmJhY2tlbmRzLk1vZGVsQmFja2VuZCIsIl9hdXRoX3VzZXJfaWQiOiIxIn0=", "expire_date": "2018-01-20T18:16:15.069Z"}}, {"model": "sessions.session", "pk": "3xa9vpg37w8v2uk0vqhcpimpla958dff", "fields": {"session_data": "YjRmMjBmNDljYmFmN2M0YTY1MDY5YjZlOGFhOGIzYjk5MjI0OGNhYzp7Il9hdXRoX3VzZXJfaGFzaCI6IjZjMWUzYjlhNWIzZTJhMDg5ZjE4NTFkMjQzZmQzNzZlOGFkZDA2YjEiLCJfYXV0aF91c2VyX2JhY2tlbmQiOiJkamFuZ28uY29udHJpYi5hdXRoLmJhY2tlbmRzLk1vZGVsQmFja2VuZCIsIl9hdXRoX3VzZXJfaWQiOiI0NyJ9", "expire_date": "2018-03-06T20:14:32.608Z"}}, {"model": "sessions.session", "pk": "75b2eyosol4n1hb1b5wr4455ym5gmxil", "fields": {"session_data": "ZWEyMmVmYTUxOTUyNTkwOTE1ODk1ZDA3YzVkYmRmNWI2MjVjYjNlZTp7Il9hdXRoX3VzZXJfaGFzaCI6IjI1NzlhNWEwMGRhNzI3NDQ3ZDQ0MWMwYjJlYjE4MTgzMDdlZjVkZTUiLCJfYXV0aF91c2VyX2lkIjoiMjYiLCJfYXV0aF91c2VyX2JhY2tlbmQiOiJkamFuZ28uY29udHJpYi5hdXRoLmJhY2tlbmRzLk1vZGVsQmFja2VuZCIsInRlYW1zIjp7IjI2IjpbMzldfX0=", "expire_date": "2018-03-06T19:37:49.326Z"}}, {"model": "sessions.session", "pk": "a8davpgfhh8vl4qexxi9p4bosikfvpaz", "fields": {"session_data": "MjQ2NmQ3ZWU0NjkwMTk5ZjAzYzZhY2M5YTIwNmMwMTViM2E1NWFmNTp7Il9hdXRoX3VzZXJfaGFzaCI6IjljNjI1ZDMxNWFiNjY3OWM4YWQzN2YzYTgzMGIzYmM5YjU4ZjEyNjgiLCJfYXV0aF91c2VyX2JhY2tlbmQiOiJkamFuZ28uY29udHJpYi5hdXRoLmJhY2tlbmRzLk1vZGVsQmFja2VuZCIsIl9hdXRoX3VzZXJfaWQiOiIxIn0=", "expire_date": "2018-01-04T16:41:15.835Z"}}, {"model": "sessions.session", "pk": "brvh7wd2z6x7opqve2r92sjw61tix2i8", "fields": {"session_data": "NWE4ZmEzYmYyZWUxM2FjYjNlYjQ4OWM1OThkZDA3ODQyZDU4ZDViMzp7Il9hdXRoX3VzZXJfaGFzaCI6IjE5YTdkZGM1OTQ3NjA4Mzk0ZWMzNmIzMDdjZjAwYTZhOTk0NGUxMTQiLCJfYXV0aF91c2VyX2JhY2tlbmQiOiJkamFuZ28uY29udHJpYi5hdXRoLmJhY2tlbmRzLk1vZGVsQmFja2VuZCIsIl9hdXRoX3VzZXJfaWQiOiI0MCIsInRlYW1zIjp7IjQwIjpbMjUsNDBdLCI0MCI6WzI1XX19", "expire_date": "2018-03-06T19:38:32.827Z"}}, {"model": "sessions.session", "pk": "cod8nz4a8iwoemtu6zb5sqm2o2be94xn", "fields": {"session_data": "YzAwOWNjODhkZDE1YTE0MWY0NGQ5ZDFkOWI5ZDY0YWM1OWM0MDEwMDp7Il9hdXRoX3VzZXJfaGFzaCI6IjAxNGIzMDZhNGRjNDEzNjhlYjMxYzg5NjU3NjUzOWNkNmMwNTM5NjQiLCJfYXV0aF91c2VyX2lkIjoiNDQiLCJfYXV0aF91c2VyX2JhY2tlbmQiOiJkamFuZ28uY29udHJpYi5hdXRoLmJhY2tlbmRzLk1vZGVsQmFja2VuZCIsInRlYW1zIjp7IjQ0IjpbNDQsNTAsNTFdfX0=", "expire_date": "2018-03-06T19:42:58.047Z"}}, {"model": "sessions.session", "pk": "gowflr9edbvn173py7cmch4jqly68mlk", "fields": {"session_data": "MjQ2NmQ3ZWU0NjkwMTk5ZjAzYzZhY2M5YTIwNmMwMTViM2E1NWFmNTp7Il9hdXRoX3VzZXJfaGFzaCI6IjljNjI1ZDMxNWFiNjY3OWM4YWQzN2YzYTgzMGIzYmM5YjU4ZjEyNjgiLCJfYXV0aF91c2VyX2JhY2tlbmQiOiJkamFuZ28uY29udHJpYi5hdXRoLmJhY2tlbmRzLk1vZGVsQmFja2VuZCIsIl9hdXRoX3VzZXJfaWQiOiIxIn0=", "expire_date": "2018-03-06T17:20:09.366Z"}}, {"model": "sessions.session", "pk": "i3105l2twajvk3hw4zazmnc6qzrkf3zd", "fields": {"session_data": "MjQ2NmQ3ZWU0NjkwMTk5ZjAzYzZhY2M5YTIwNmMwMTViM2E1NWFmNTp7Il9hdXRoX3VzZXJfaGFzaCI6IjljNjI1ZDMxNWFiNjY3OWM4YWQzN2YzYTgzMGIzYmM5YjU4ZjEyNjgiLCJfYXV0aF91c2VyX2JhY2tlbmQiOiJkamFuZ28uY29udHJpYi5hdXRoLmJhY2tlbmRzLk1vZGVsQmFja2VuZCIsIl9hdXRoX3VzZXJfaWQiOiIxIn0=", "expire_date": "2018-01-05T17:56:06.163Z"}}, {"model": "sessions.session", "pk": "l2mz9xlvwd7kjzeou5t3wyo2inymv9k1", "fields": {"session_data": "NDFmMTNiNmUyOTljNmUyOThiNGFlZjYxYzU4YTdjNTc3ODIyZjI4Mzp7Il9hdXRoX3VzZXJfaGFzaCI6IjQ2YWNkMmUyYWVlZmUzNmNmMjY1YzA3ZDBkNDE0Njk5ODNkMDNhZDUiLCJfYXV0aF91c2VyX2JhY2tlbmQiOiJkamFuZ28uY29udHJpYi5hdXRoLmJhY2tlbmRzLk1vZGVsQmFja2VuZCIsIl9hdXRoX3VzZXJfaWQiOiIzNSJ9", "expire_date": "2018-03-06T20:15:12.013Z"}}, {"model": "sessions.session", "pk": "ok14boqwlls7d689kd3s4xer4mjfo8cb", "fields": {"session_data": "YTg2YzYxZDI4ZThiOWVjMmU0NGQ1YjcyMTVkYmZjMjA1MTY4OTQ5NTp7Il9hdXRoX3VzZXJfaGFzaCI6IjljNjI1ZDMxNWFiNjY3OWM4YWQzN2YzYTgzMGIzYmM5YjU4ZjEyNjgiLCJfYXV0aF91c2VyX2lkIjoiMSIsIl9hdXRoX3VzZXJfYmFja2VuZCI6ImRqYW5nby5jb250cmliLmF1dGguYmFja2VuZHMuTW9kZWxCYWNrZW5kIn0=", "expire_date": "2018-02-22T22:25:47.523Z"}}, {"model": "sessions.session", "pk": "p5a1u38f4wg3dh7y69daakfj7g7eckb4", "fields": {"session_data": "MjJkNDM2YmViMDhiZWYxNDc1NTUwNzUzZmQwZDRiM2JkMDIwYWMyYjp7Il9hdXRoX3VzZXJfaGFzaCI6IjJkMWEzZWMxNTkzN2YxZjBjYWI4M2RlNDg0YzkyZmJjODVmOGZmOTgiLCJfYXV0aF91c2VyX2JhY2tlbmQiOiJkamFuZ28uY29udHJpYi5hdXRoLmJhY2tlbmRzLk1vZGVsQmFja2VuZCIsIl9hdXRoX3VzZXJfaWQiOiIxMyJ9", "expire_date": "2018-02-22T16:20:42.201Z"}}, {"model": "sessions.session", "pk": "sywh6zopmtyi50bkjv7y86apddzjxkcc", "fields": {"session_data": "M2NiYmEzYjM5ZTkxNGFlYzk3YjI5NGEwYmMxYTk2MDJkMjk0N2U3Njp7Il9hdXRoX3VzZXJfaGFzaCI6ImJmYmUxMzU2MTA1NzI2N2YzNjBmNGVhMWQ0MDcwYmU5ZmQ5ZmMwMWUiLCJfYXV0aF91c2VyX2JhY2tlbmQiOiJkamFuZ28uY29udHJpYi5hdXRoLmJhY2tlbmRzLk1vZGVsQmFja2VuZCIsIl9hdXRoX3VzZXJfaWQiOiIxNyJ9", "expire_date": "2018-02-22T15:34:59.543Z"}}, {"model": "sessions.session", "pk": "xfsync4rj0v7n9udxtuzr2kefacazw07", "fields": {"session_data": "NWQ4ZTgwZjRjMzMzZTA0NDlhOGExNTA1MTdmMzgyNTMxNmUwMTRiMzp7Il9hdXRoX3VzZXJfaGFzaCI6IjIwMjk1ODZjZGM1NjZlMjBjYTk4ZGUyNGRlOTcwNWIxMzY0YTc5NjciLCJfYXV0aF91c2VyX2lkIjoiMzgiLCJfYXV0aF91c2VyX2JhY2tlbmQiOiJkamFuZ28uY29udHJpYi5hdXRoLmJhY2tlbmRzLk1vZGVsQmFja2VuZCIsInRlYW1zIjp7IjM4IjpbNDddfX0=", "expire_date": "2018-03-06T19:36:35.841Z"}}, {"model": "sessions.session", "pk": "ydmv4xy1x5e05ukz3f95b62x0k321r4j", "fields": {"session_data": "MjQ2NmQ3ZWU0NjkwMTk5ZjAzYzZhY2M5YTIwNmMwMTViM2E1NWFmNTp7Il9hdXRoX3VzZXJfaGFzaCI6IjljNjI1ZDMxNWFiNjY3OWM4YWQzN2YzYTgzMGIzYmM5YjU4ZjEyNjgiLCJfYXV0aF91c2VyX2JhY2tlbmQiOiJkamFuZ28uY29udHJpYi5hdXRoLmJhY2tlbmRzLk1vZGVsQmFja2VuZCIsIl9hdXRoX3VzZXJfaWQiOiIxIn0=", "expire_date": "2018-02-23T23:18:01.286Z"}}, {"model": "auth.permission", "pk": 1, "fields": {"name": "Can add topic", "content_type": 1, "codename": "add_topic"}}, {"model": "auth.permission", "pk": 2, "fields": {"name": "Can change topic", "content_type": 1, "codename": "change_topic"}}, {"model": "auth.permission", "pk": 3, "fields": {"name": "Can delete topic", "content_type": 1, "codename": "delete_topic"}}, {"model": "auth.permission", "pk": 4, "fields": {"name": "Can add question", "content_type": 2, "codename": "add_question"}}, {"model": "auth.permission", "pk": 5, "fields": {"name": "Can change question", "content_type": 2, "codename": "change_question"}}, {"model": "auth.permission", "pk": 6, "fields": {"name": "Can delete question", "content_type": 2, "codename": "delete_question"}}, {"model": "auth.permission", "pk": 7, "fields": {"name": "Can add choice", "content_type": 3, "codename": "add_choice"}}, {"model": "auth.permission", "pk": 8, "fields": {"name": "Can change choice", "content_type": 3, "codename": "change_choice"}}, {"model": "auth.permission", "pk": 9, "fields": {"name": "Can delete choice", "content_type": 3, "codename": "delete_choice"}}, {"model": "auth.permission", "pk": 10, "fields": {"name": "Can add test", "content_type": 4, "codename": "add_test"}}, {"model": "auth.permission", "pk": 11, "fields": {"name": "Can change test", "content_type": 4, "codename": "change_test"}}, {"model": "auth.permission", "pk": 12, "fields": {"name": "Can delete test", "content_type": 4, "codename": "delete_test"}}, {"model": "auth.permission", "pk": 16, "fields": {"name": "Can add log entry", "content_type": 6, "codename": "add_logentry"}}, {"model": "auth.permission", "pk": 17, "fields": {"name": "Can change log entry", "content_type": 6, "codename": "change_logentry"}}, {"model": "auth.permission", "pk": 18, "fields": {"name": "Can delete log entry", "content_type": 6, "codename": "delete_logentry"}}, {"model": "auth.permission", "pk": 19, "fields": {"name": "Can add permission", "content_type": 7, "codename": "add_permission"}}, {"model": "auth.permission", "pk": 20, "fields": {"name": "Can change permission", "content_type": 7, "codename": "change_permission"}}, {"model": "auth.permission", "pk": 21, "fields": {"name": "Can delete permission", "content_type": 7, "codename": "delete_permission"}}, {"model": "auth.permission", "pk": 22, "fields": {"name": "Can add group", "content_type": 8, "codename": "add_group"}}, {"model": "auth.permission", "pk": 23, "fields": {"name": "Can change group", "content_type": 8, "codename": "change_group"}}, {"model": "auth.permission", "pk": 24, "fields": {"name": "Can delete group", "content_type": 8, "codename": "delete_group"}}, {"model": "auth.permission", "pk": 25, "fields": {"name": "Can add user", "content_type": 9, "codename": "add_user"}}, {"model": "auth.permission", "pk": 26, "fields": {"name": "Can change user", "content_type": 9, "codename": "change_user"}}, {"model": "auth.permission", "pk": 27, "fields": {"name": "Can delete user", "content_type": 9, "codename": "delete_user"}}, {"model": "auth.permission", "pk": 28, "fields": {"name": "Can add content type", "content_type": 10, "codename": "add_contenttype"}}, {"model": "auth.permission", "pk": 29, "fields": {"name": "Can change content type", "content_type": 10, "codename": "change_contenttype"}}, {"model": "auth.permission", "pk": 30, "fields": {"name": "Can delete content type", "content_type": 10, "codename": "delete_contenttype"}}, {"model": "auth.permission", "pk": 31, "fields": {"name": "Can add session", "content_type": 11, "codename": "add_session"}}, {"model": "auth.permission", "pk": 32, "fields": {"name": "Can change session", "content_type": 11, "codename": "change_session"}}, {"model": "auth.permission", "pk": 33, "fields": {"name": "Can delete session", "content_type": 11, "codename": "delete_session"}}, {"model": "auth.permission", "pk": 34, "fields": {"name": "Can add discipline", "content_type": 12, "codename": "add_discipline"}}, {"model": "auth.permission", "pk": 35, "fields": {"name": "Can change discipline", "content_type": 12, "codename": "change_discipline"}}, {"model": "auth.permission", "pk": 36, "fields": {"name": "Can delete discipline", "content_type": 12, "codename": "delete_discipline"}}, {"model": "auth.permission", "pk": 37, "fields": {"name": "Can add multiple choice answer", "content_type": 13, "codename": "add_multiplechoiceanswer"}}, {"model": "auth.permission", "pk": 38, "fields": {"name": "Can change multiple choice answer", "content_type": 13, "codename": "change_multiplechoiceanswer"}}, {"model": "auth.permission", "pk": 39, "fields": {"name": "Can delete multiple choice answer", "content_type": 13, "codename": "delete_multiplechoiceanswer"}}, {"model": "auth.permission", "pk": 40, "fields": {"name": "Can add discursive answer", "content_type": 14, "codename": "add_discursiveanswer"}}, {"model": "auth.permission", "pk": 41, "fields": {"name": "Can change discursive answer", "content_type": 14, "codename": "change_discursiveanswer"}}, {"model": "auth.permission", "pk": 42, "fields": {"name": "Can delete discursive answer", "content_type": 14, "codename": "delete_discursiveanswer"}}, {"model": "auth.permission", "pk": 43, "fields": {"name": "Can add answer", "content_type": 15, "codename": "add_answer"}}, {"model": "auth.permission", "pk": 44, "fields": {"name": "Can change answer", "content_type": 15, "codename": "change_answer"}}, {"model": "auth.permission", "pk": 45, "fields": {"name": "Can delete answer", "content_type": 15, "codename": "delete_answer"}}, {"model": "auth.permission", "pk": 46, "fields": {"name": "Can add classroom", "content_type": 16, "codename": "add_classroom"}}, {"model": "auth.permission", "pk": 47, "fields": {"name": "Can change classroom", "content_type": 16, "codename": "change_classroom"}}, {"model": "auth.permission", "pk": 48, "fields": {"name": "Can delete classroom", "content_type": 16, "codename": "delete_classroom"}}, {"model": "auth.user", "pk": 1, "fields": {"password": "pbkdf2_sha256$24000$fGyZJGDFhSAq$gxsfkN9OeGCf+OYUVZkRxa7VYBVUqsxww2yzTSOUSkk=", "last_login": "2018-02-20T17:20:09.353Z", "is_superuser": true, "username": "tnunes", "first_name": "Thiago", "last_name": "Nunes", "email": "thiagorinu@gmail.com", "is_staff": true, "is_active": true, "date_joined": "2017-12-21T16:38:43Z", "groups": [], "user_permissions": []}}, {"model": "auth.user", "pk": 2, "fields": {"password": "pbkdf2_sha256$24000$2JViKa67IKl3$cCU2RHGAhCfc/i+bdPpgAMeNh+Da/wZRayW/2euDDkY=", "last_login": "2018-01-28T23:24:57.086Z", "is_superuser": false, "username": "batman", "first_name": "Bruce", "last_name": "Wayne", "email": "batman@gmail.com", "is_staff": false, "is_active": true, "date_joined": "2018-01-28T21:20:11.666Z", "groups": [], "user_permissions": []}}, {"model": "auth.user", "pk": 3, "fields": {"password": "pbkdf2_sha256$24000$zxYoeSISgqOt$ozuMFYC15Lj+qLgOANNXV4DH95lvc34qj/50BWJZMq8=", "last_login": "2018-01-28T22:02:39.602Z", "is_superuser": false, "username": "aluno2", "first_name": "aluno2", "last_name": "aluno2", "email": "aluno2@gmail.com", "is_staff": false, "is_active": true, "date_joined": "2018-01-28T22:01:52.051Z", "groups": [], "user_permissions": []}}, {"model": "auth.user", "pk": 4, "fields": {"password": "pbkdf2_sha256$24000$2pSkhemvqgEg$HVYBuOC/2c4V4aKbnhcucawxldTjq/D8ThpuCMh1xGE=", "last_login": null, "is_superuser": false, "username": "aluno3", "first_name": "aluno3", "last_name": "aluno3", "email": "aluno3@gmail.com", "is_staff": false, "is_active": true, "date_joined": "2018-01-29T13:42:46.314Z", "groups": [], "user_permissions": []}}, {"model": "auth.user", "pk": 5, "fields": {"password": "pbkdf2_sha256$24000$4docc1MtjWoo$TLY/+71owB8enFiWdBz6b1fg2CX7RenyVlI9+/PC0/M=", "last_login": null, "is_superuser": false, "username": "aluno4", "first_name": "aluno4", "last_name": "aluno4", "email": "aluno4@gmail.com", "is_staff": false, "is_active": true, "date_joined": "2018-01-29T14:27:26.973Z", "groups": [], "user_permissions": []}}, {"model": "auth.user", "pk": 6, "fields": {"password": "pbkdf2_sha256$24000$JjwJt7zIUlIw$Sr0PktKKE+Z7zDgqBGkDmxbgh6kYU/vXzokNvsCvtSo=", "last_login": null, "is_superuser": false, "username": "aluno5", "first_name": "aluno5", "last_name": "aluno5", "email": "aluno5@gmail.com", "is_staff": false, "is_active": true, "date_joined": "2018-01-29T14:29:46.327Z", "groups": [], "user_permissions": []}}, {"model": "auth.user", "pk": 7, "fields": {"password": "pbkdf2_sha256$24000$bOPWOCoarJe4$22HlNp3vznmRHCE6pBGa3kDW+ZNhq95jNHXJKBFpjX0=", "last_login": "2018-01-29T14:31:43.041Z", "is_superuser": false, "username": "aluno6", "first_name": "aluno6", "last_name": "aluno6", "email": "aluno6@gmail.com", "is_staff": false, "is_active": true, "date_joined": "2018-01-29T14:31:29.351Z", "groups": [], "user_permissions": []}}, {"model": "auth.user", "pk": 8, "fields": {"password": "pbkdf2_sha256$24000$PR5CO0bWoAoZ$WRGRgeHUkI2ivyBn64yzJWFFHLTthYUnKbGwfBdIfSs=", "last_login": "2018-02-08T15:26:56.619Z", "is_superuser": false, "username": "jckcouto", "first_name": "Julio Cesar", "last_name": "de Souza Couto", "email": "jcoutoo@hotmail.com", "is_staff": false, "is_active": true, "date_joined": "2018-02-08T15:26:11.588Z", "groups": [], "user_permissions": []}}, {"model": "auth.user", "pk": 9, "fields": {"password": "pbkdf2_sha256$24000$m2ZMOVul797m$oUgh9IP9TDGRJk83fKSgWlLJG5yiY3LBgkfTB3JZT2U=", "last_login": "2018-02-08T15:26:25.084Z", "is_superuser": false, "username": "Ledilson", "first_name": "Ledilson", "last_name": "Rocha", "email": "ledilsonorocha@gmail.com", "is_staff": false, "is_active": true, "date_joined": "2018-02-08T15:26:11.944Z", "groups": [], "user_permissions": []}}, {"model": "auth.user", "pk": 10, "fields": {"password": "pbkdf2_sha256$24000$1M73EW9pZgMB$1lnXyehvkkAGRa7E0xb+0ZpBPf4IxTx50WuikC6B3Ug=", "last_login": "2018-02-08T15:26:49.887Z", "is_superuser": false, "username": "Master", "first_name": "Mauricio", "last_name": "Barbosa", "email": "mauricio.ofrante@hotmail.com", "is_staff": false, "is_active": true, "date_joined": "2018-02-08T15:26:12.558Z", "groups": [], "user_permissions": []}}, {"model": "auth.user", "pk": 11, "fields": {"password": "pbkdf2_sha256$24000$VhMOrDT73DuE$tDVS4xevI22XymwwHyY6XWR3A3uaK7+LERRC9kVrZzk=", "last_login": "2018-02-08T15:41:26.704Z", "is_superuser": false, "username": "thaynagomes", "first_name": "Thayna", "last_name": "Cruz", "email": "thaygcruz123@gmail.com", "is_staff": false, "is_active": true, "date_joined": "2018-02-08T15:26:21.268Z", "groups": [], "user_permissions": []}}, {"model": "auth.user", "pk": 12, "fields": {"password": "pbkdf2_sha256$24000$wETJgML4yl5v$Zdkl2rlsb9vQbT5pNlXC+d49MjLJKh97kSULmGjObzY=", "last_login": "2018-02-08T15:29:28.187Z", "is_superuser": false, "username": "Maira", "first_name": "Ma\u00edra", "last_name": "Oliveira", "email": "maira_oliveira31@yahoo.com.br", "is_staff": false, "is_active": true, "date_joined": "2018-02-08T15:29:02.432Z", "groups": [], "user_permissions": []}}, {"model": "auth.user", "pk": 13, "fields": {"password": "pbkdf2_sha256$24000$Z0vl2HkvZaVL$QaRK+EaZdwA26hsYaKDlRFSDx9i6W5VzYo/p6xBzw+U=", "last_login": "2018-02-08T16:20:42.148Z", "is_superuser": false, "username": "g7", "first_name": "Sergio", "last_name": "Gabriel", "email": "gioserromeiro@gmail.com", "is_staff": false, "is_active": true, "date_joined": "2018-02-08T15:29:21.165Z", "groups": [], "user_permissions": []}}, {"model": "auth.user", "pk": 14, "fields": {"password": "pbkdf2_sha256$24000$3y4cJJS2RpOi$S+xnk4xqRVMVEz3aDkBZLEnYRZMHG+A7eVkWS97t/gQ=", "last_login": "2018-02-08T15:34:58Z", "is_superuser": false, "username": "w4gner2016", "first_name": "Wagner 2016", "last_name": "Machado", "email": "wagnermachado183@gmail.com", "is_staff": false, "is_active": true, "date_joined": "2018-02-08T15:30:27Z", "groups": [], "user_permissions": []}}, {"model": "auth.user", "pk": 15, "fields": {"password": "pbkdf2_sha256$24000$fALOym34zvzI$i54xTtGs+TyQAJGhcz8ERFHmH2ztfW4s70HqrpHpJ7A=", "last_login": null, "is_superuser": false, "username": "Tay8", "first_name": "Tain\u00e1", "last_name": "pessoa araujo", "email": "taina1908@gmail.com", "is_staff": false, "is_active": true, "date_joined": "2018-02-08T15:32:38.960Z", "groups": [], "user_permissions": []}}, {"model": "auth.user", "pk": 16, "fields": {"password": "pbkdf2_sha256$24000$5mqE4nfWbiLG$gUUVHSzz+VTUljbX/sajDcsf2WTVzYZdLErlJnGMYDM=", "last_login": "2018-02-08T15:33:28.164Z", "is_superuser": false, "username": "Wagner", "first_name": "Wagner", "last_name": "Machado", "email": "wagnermachado18@gmail.com", "is_staff": false, "is_active": true, "date_joined": "2018-02-08T15:32:58.506Z", "groups": [], "user_permissions": []}}, {"model": "auth.user", "pk": 17, "fields": {"password": "pbkdf2_sha256$24000$IvyPQfpXufyR$GeQSWzcPYATThxIEDRhwp1SSxWTnVK4VwJ9Wq5MB6P8=", "last_login": "2018-02-08T15:34:59.526Z", "is_superuser": false, "username": "Jessica", "first_name": "J\u00e9ssica", "last_name": "Coelho", "email": "jessicamaj83@gmail.com", "is_staff": false, "is_active": true, "date_joined": "2018-02-08T15:34:33.866Z", "groups": [], "user_permissions": []}}, {"model": "auth.user", "pk": 18, "fields": {"password": "pbkdf2_sha256$24000$ep1ODFuWij1B$ryd3R2pw3FMq2ejrtXKjkXmaDjr+AJZzVCoQcpVxnEw=", "last_login": "2018-02-08T15:37:06.283Z", "is_superuser": false, "username": "taina1908", "first_name": "Tain\u00e1", "last_name": "pessoa araujo", "email": "taina578@hotmail.com", "is_staff": false, "is_active": true, "date_joined": "2018-02-08T15:36:38.864Z", "groups": [], "user_permissions": []}}, {"model": "auth.user", "pk": 19, "fields": {"password": "pbkdf2_sha256$24000$kv8UcHyTmMye$QWZof80C1LySsyEnTwBcIOMuDXvSY3wMo/9FOmE8bo8=", "last_login": "2018-02-08T16:09:27.798Z", "is_superuser": false, "username": "brunabarbosa", "first_name": "Bruna", "last_name": "Barbosa", "email": "brunabarbosapinheiro9@gmail.com", "is_staff": false, "is_active": true, "date_joined": "2018-02-08T15:40:17.097Z", "groups": [], "user_permissions": []}}, {"model": "auth.user", "pk": 20, "fields": {"password": "pbkdf2_sha256$24000$qhzq8pIieIxl$ZsgI+vTnF6YbTZ1x9j20vVAkyOobOs4GwFE6SjzvMlg=", "last_login": null, "is_superuser": false, "username": "alunot1", "first_name": "aluno t1", "last_name": "aluno t1", "email": "alunot1@gmail.com", "is_staff": false, "is_active": true, "date_joined": "2018-02-20T17:15:27.345Z", "groups": [], "user_permissions": []}}, {"model": "auth.user", "pk": 21, "fields": {"password": "pbkdf2_sha256$24000$Kh8C9f72sXWg$330oYOGAJlRGm2kkpA+nzebBpbWSlyHY0ICSBXHx/o0=", "last_login": null, "is_superuser": false, "username": "alunot2", "first_name": "aluno t2", "last_name": "aluno t2", "email": "alunot2@gmail.com", "is_staff": false, "is_active": true, "date_joined": "2018-02-20T17:19:36.175Z", "groups": [], "user_permissions": []}}, {"model": "auth.user", "pk": 22, "fields": {"password": "pbkdf2_sha256$24000$v3cAuLXqgBl9$rKi6Y3cnS5zIGwV2uSbtr3ptXl0imBh8S8fG1pw393I=", "last_login": "2018-02-20T19:30:30.802Z", "is_superuser": false, "username": "analiviasc", "first_name": "Ana L\u00edvia", "last_name": "Concei\u00e7\u00e3o", "email": "analivia0204@gmail.com", "is_staff": false, "is_active": true, "date_joined": "2018-02-20T19:27:03.470Z", "groups": [], "user_permissions": []}}, {"model": "auth.user", "pk": 23, "fields": {"password": "pbkdf2_sha256$24000$e9qB61DpcalQ$ADUUQuOCDeCBXm+Zd+4RZ9Oq47QacFdbsjBlpRcAHa0=", "last_login": null, "is_superuser": false, "username": "Claragarcia", "first_name": "Ana Clara", "last_name": "Carvalho", "email": "anaclaragdsc@gmail.com", "is_staff": false, "is_active": true, "date_joined": "2018-02-20T19:27:31.246Z", "groups": [], "user_permissions": []}}, {"model": "auth.user", "pk": 24, "fields": {"password": "pbkdf2_sha256$24000$Xs0GYSZbEu6h$ArpOUK8bgSOxCHFyvQKG+4zx0Vf1at7GH5a9UQxaVY4=", "last_login": "2018-02-20T19:35:11.009Z", "is_superuser": false, "username": "VictoriaPorto", "first_name": "Vict\u00f3ria Luiza", "last_name": "Porto", "email": "victorialuizaporto9@gmail.com", "is_staff": false, "is_active": true, "date_joined": "2018-02-20T19:27:44.312Z", "groups": [], "user_permissions": []}}, {"model": "auth.user", "pk": 25, "fields": {"password": "pbkdf2_sha256$24000$V61xNQ4ioAi7$KxIx5BMm+ZVCPgrFTCcY1TWZgwgshan1wfhwfy6+bsM=", "last_login": "2018-02-20T19:28:13.722Z", "is_superuser": false, "username": "larissalav", "first_name": "Larissa", "last_name": "Viana", "email": "larissalav12@gmail.com", "is_staff": false, "is_active": true, "date_joined": "2018-02-20T19:27:54.673Z", "groups": [], "user_permissions": []}}, {"model": "auth.user", "pk": 26, "fields": {"password": "pbkdf2_sha256$24000$W76ORziJ1Tjt$ZQZZkNQE0eBMGWWYSBlvZsKcCXwIRG07gjlk6kCtIXk=", "last_login": "2018-02-20T19:32:26.029Z", "is_superuser": false, "username": "Inglid", "first_name": "Inglid", "last_name": "Viana", "email": "inglidcv@gmail.com", "is_staff": false, "is_active": true, "date_joined": "2018-02-20T19:27:58.038Z", "groups": [], "user_permissions": []}}, {"model": "auth.user", "pk": 27, "fields": {"password": "pbkdf2_sha256$24000$1Vb4ffZ3JaGF$xLNiQNYbfpibudtmrZaVzBo7CLgpVLKyjglOIKH5/f8=", "last_login": "2018-02-20T19:28:17.849Z", "is_superuser": false, "username": "Gloria", "first_name": "Maria Gl\u00f3ria", "last_name": "Oliveira Laurindo", "email": "glorinha.pink2010@hotmail.com", "is_staff": false, "is_active": true, "date_joined": "2018-02-20T19:28:01.158Z", "groups": [], "user_permissions": []}}, {"model": "auth.user", "pk": 28, "fields": {"password": "pbkdf2_sha256$24000$4feI0EFO8UIr$tJQ6KfNOAZfzJpj7T8YuQ50UqTpceDeTPg3cEmmR+Eo=", "last_login": "2018-02-20T19:32:35.735Z", "is_superuser": false, "username": "Ruiva", "first_name": "Iasmin", "last_name": "Rodrigues", "email": "iasminrodrigues1701@gmail.com", "is_staff": false, "is_active": true, "date_joined": "2018-02-20T19:28:08.623Z", "groups": [], "user_permissions": []}}, {"model": "auth.user", "pk": 29, "fields": {"password": "pbkdf2_sha256$24000$QaCywIxNIctb$HcSyzeQOY+SvA4lXbHqkHU/4n018bf0Nim+UanGZTCE=", "last_login": "2018-02-20T19:28:38.354Z", "is_superuser": false, "username": "Laiza", "first_name": "La\u00edza", "last_name": "Terra", "email": "laizasterra@gmail.com", "is_staff": false, "is_active": true, "date_joined": "2018-02-20T19:28:17.280Z", "groups": [], "user_permissions": []}}, {"model": "auth.user", "pk": 30, "fields": {"password": "pbkdf2_sha256$24000$Uo24fH8i1E8b$6X4vhkeTXn7FO7zj1LHxum9/9NVJRxTXZiYtUPd3/LA=", "last_login": "2018-02-20T19:34:40.808Z", "is_superuser": false, "username": "nigga", "first_name": "Arthur", "last_name": "de Freitas", "email": "arthurmirandalolfat@gmail.com", "is_staff": false, "is_active": true, "date_joined": "2018-02-20T19:28:26.977Z", "groups": [], "user_permissions": []}}, {"model": "auth.user", "pk": 31, "fields": {"password": "pbkdf2_sha256$24000$JsTz3V9MuVWQ$cqu0EeT1Ldnn5gD74W5p2fJLrYj2+bGW4zkQP+OBXuo=", "last_login": "2018-02-20T19:29:46.601Z", "is_superuser": false, "username": "Dalila23", "first_name": "Dalila", "last_name": "Azevedo", "email": "edsonlmf2012@gmail.com", "is_staff": false, "is_active": true, "date_joined": "2018-02-20T19:29:33.441Z", "groups": [], "user_permissions": []}}, {"model": "auth.user", "pk": 32, "fields": {"password": "pbkdf2_sha256$24000$q2WizkekDEuf$MjvrqU60bAPB1mGhzhuKRSvck6dKUlTnEEw3/SkjsU8=", "last_login": "2018-02-20T19:30:03.586Z", "is_superuser": false, "username": "Yasmimgomes", "first_name": "Yasmim", "last_name": "Ribeiro", "email": "yasmimgomess001@gmail.com", "is_staff": false, "is_active": true, "date_joined": "2018-02-20T19:29:37.640Z", "groups": [], "user_permissions": []}}, {"model": "auth.user", "pk": 33, "fields": {"password": "pbkdf2_sha256$24000$P28o9CjnRP6l$6Lf4BDcHMVOoGboVuKwDsYVMaN+OsGXhz5ogAxW4ZHI=", "last_login": "2018-02-20T19:30:07.906Z", "is_superuser": false, "username": "JanainaMonteiro", "first_name": "Janaina", "last_name": "Silva", "email": "janainamonteiro.1272@gmail.com", "is_staff": false, "is_active": true, "date_joined": "2018-02-20T19:29:41.971Z", "groups": [], "user_permissions": []}}, {"model": "auth.user", "pk": 34, "fields": {"password": "pbkdf2_sha256$24000$l4JCgvCLiDNy$LSfJ90TPkgUvfnVwqOHDP9OZvJTD+LRdSq9NWt1Dm7Q=", "last_login": null, "is_superuser": false, "username": "mariazevedor", "first_name": "Maria Lu\u00edsa", "last_name": "Rodrigues", "email": "malurodrigues_02@hotmail.com", "is_staff": false, "is_active": true, "date_joined": "2018-02-20T19:29:56.149Z", "groups": [], "user_permissions": []}}, {"model": "auth.user", "pk": 35, "fields": {"password": "pbkdf2_sha256$24000$8YCh1A4sU3XB$JcZwrEJH3B8VXHjz7sHGtNT3qjf9nZr26QrApX5gSQo=", "last_login": "2018-02-20T20:15:11.998Z", "is_superuser": false, "username": "CamillaBarreto", "first_name": "Camilla", "last_name": "Barreto", "email": "Camillabarreto2001@gmail.com", "is_staff": false, "is_active": true, "date_joined": "2018-02-20T19:30:20.843Z", "groups": [], "user_permissions": []}}, {"model": "auth.user", "pk": 36, "fields": {"password": "pbkdf2_sha256$24000$V8g0iDWpNFTO$jXzXLZ0WEs+FSYAwZsdLty62K2LcUj9quS7kwlzqXac=", "last_login": "2018-02-20T19:31:05.409Z", "is_superuser": false, "username": "Samara", "first_name": "Samara J\u00falia", "last_name": "Marques dos Santos", "email": "samarajulia1881@gmail.com", "is_staff": false, "is_active": true, "date_joined": "2018-02-20T19:30:29.759Z", "groups": [], "user_permissions": []}}, {"model": "auth.user", "pk": 37, "fields": {"password": "pbkdf2_sha256$24000$DUrhVnXMBl6D$f05jh2/xv7yLjYRKZ1Hay38rXKikR8HWV/nVDj/7bM0=", "last_login": "2018-02-20T19:30:41.228Z", "is_superuser": false, "username": "Ellen", "first_name": "Ellen", "last_name": "Azevedo Souza", "email": "ellen.azevedo.s@hotmail.com", "is_staff": false, "is_active": true, "date_joined": "2018-02-20T19:30:30.059Z", "groups": [], "user_permissions": []}}, {"model": "auth.user", "pk": 38, "fields": {"password": "pbkdf2_sha256$24000$4kDp2QlQn1ci$J3c6sai6s88yge9X6L+clhZ35icqzZFROsGv1MBcFmA=", "last_login": "2018-02-20T19:31:19.856Z", "is_superuser": false, "username": "GuilhermeAugusto", "first_name": "Guilherme", "last_name": "Oliveira", "email": "guidossantos761@gmail.com", "is_staff": false, "is_active": true, "date_joined": "2018-02-20T19:31:01.017Z", "groups": [], "user_permissions": []}}, {"model": "auth.user", "pk": 39, "fields": {"password": "pbkdf2_sha256$24000$dSGfOOemWCC3$jrhHNQd4jRWBbccARN55Sb9p2PuPAOPbhL/xbjsvKUQ=", "last_login": "2018-02-20T19:31:46.893Z", "is_superuser": false, "username": "sto", "first_name": "wagner", "last_name": "santos", "email": "wagnerthiago7777@gmail.com", "is_staff": false, "is_active": true, "date_joined": "2018-02-20T19:31:02.766Z", "groups": [], "user_permissions": []}}, {"model": "auth.user", "pk": 40, "fields": {"password": "pbkdf2_sha256$24000$fz1kPlpz442C$028unl8A55Blgt0hQawNCofh/5TN28FwraX4/tL43IU=", "last_login": "2018-02-20T19:31:18.782Z", "is_superuser": false, "username": "Nicks", "first_name": "Nicole", "last_name": "Carmo", "email": "isabellyenicole@gmail.com", "is_staff": false, "is_active": true, "date_joined": "2018-02-20T19:31:04.394Z", "groups": [], "user_permissions": []}}, {"model": "auth.user", "pk": 41, "fields": {"password": "pbkdf2_sha256$24000$7nMezjzylJkW$qk3SsIqR0yeYkEHf/KTIpN+SUEzXFm2S6yP6hc5ZEMw=", "last_login": "2018-02-20T19:35:15.498Z", "is_superuser": false, "username": "rorschach", "first_name": "Aruan", "last_name": "Siqueira", "email": "aruansiqueira@gmail.com", "is_staff": false, "is_active": true, "date_joined": "2018-02-20T19:31:23.605Z", "groups": [], "user_permissions": []}}, {"model": "auth.user", "pk": 42, "fields": {"password": "pbkdf2_sha256$24000$yvrmOdidWzSJ$d4LpAhPjzUeHH/6z5VjHxQegK1+9O4tM7lv5t1l7Wn8=", "last_login": null, "is_superuser": false, "username": "lararibeirx", "first_name": "Lara", "last_name": "Ribeiro", "email": "lary333on@gmail.com", "is_staff": false, "is_active": true, "date_joined": "2018-02-20T19:31:39.550Z", "groups": [], "user_permissions": []}}, {"model": "auth.user", "pk": 43, "fields": {"password": "pbkdf2_sha256$24000$tmXR1xt1CM8l$3zeQ93Ux/6Q6JSxOKctoG5NpvV7dKKIfMzZ2yMOAtD8=", "last_login": "2018-02-20T19:32:07.501Z", "is_superuser": false, "username": "Thiagosouza", "first_name": "Thiago", "last_name": "Souza", "email": "ts535969@gmail.com", "is_staff": false, "is_active": true, "date_joined": "2018-02-20T19:31:50.146Z", "groups": [], "user_permissions": []}}, {"model": "auth.user", "pk": 44, "fields": {"password": "pbkdf2_sha256$24000$39tMaaTvC02F$UB82uCN2YT1c99Y7VUo0lGO/GuypA0A4lpVyQb4UMNk=", "last_login": "2018-02-20T19:41:24.123Z", "is_superuser": false, "username": "Euamopizza18", "first_name": "Rafaela", "last_name": "Ridolphi", "email": "rafaela.alopes15@gmail.com", "is_staff": false, "is_active": true, "date_joined": "2018-02-20T19:31:50.387Z", "groups": [], "user_permissions": []}}, {"model": "auth.user", "pk": 45, "fields": {"password": "pbkdf2_sha256$24000$nUEnaTOYl6mJ$B9JvD19SbeYkJSpcG1QE/QpRCajmj8hUHSL5JkXlrQo=", "last_login": "2018-02-20T19:33:19.608Z", "is_superuser": false, "username": "Maryana", "first_name": "Maryanna", "last_name": "Gomes", "email": "maryannadsg@gmail.com", "is_staff": false, "is_active": true, "date_joined": "2018-02-20T19:31:56.256Z", "groups": [], "user_permissions": []}}, {"model": "auth.user", "pk": 46, "fields": {"password": "pbkdf2_sha256$24000$UZpA2d1cHaSL$SP7MiENH0D4MaaRcU2YpHCwcSkkNfPGVLYg3GRlow74=", "last_login": "2018-02-20T19:34:58.297Z", "is_superuser": false, "username": "LuisaNeiva", "first_name": "Luisa", "last_name": "Neiva", "email": "luisadasilvaneiva@gmail.com", "is_staff": false, "is_active": true, "date_joined": "2018-02-20T19:34:17.998Z", "groups": [], "user_permissions": []}}, {"model": "auth.user", "pk": 47, "fields": {"password": "pbkdf2_sha256$24000$ceBaD5Iwt41g$I77fCoQ2Xs2q8/zDeh5osLa5QriIc8K87+fi1R+d6KE=", "last_login": "2018-02-20T20:14:32.594Z", "is_superuser": false, "username": "DalilaCA23", "first_name": "Dalila", "last_name": "Azevedo", "email": "dalila23azevedo@gmail.com", "is_staff": false, "is_active": true, "date_joined": "2018-02-20T19:34:34.420Z", "groups": [], "user_permissions": []}}, {"model": "auth.user", "pk": 48, "fields": {"password": "pbkdf2_sha256$24000$Co60Mtc4VG4F$vYzqTDRR1qbzBQ6glHNT+Pc1hHJB0rG8iMEIT5SA+KU=", "last_login": "2018-02-20T20:13:59.038Z", "is_superuser": false, "username": "Edson23", "first_name": "Edson", "last_name": "Lu\u00eds", "email": "edsonlmf2012@gmail.com", "is_staff": false, "is_active": true, "date_joined": "2018-02-20T19:36:08.224Z", "groups": [], "user_permissions": []}}, {"model": "auth.user", "pk": 49, "fields": {"password": "pbkdf2_sha256$24000$HQ9vWMlv5DpM$G//OBnuSMTPCNsHlLxVQ3vQnEC3+HTNckND2f3bMZfo=", "last_login": "2018-02-20T19:37:03.617Z", "is_superuser": false, "username": "ClaraGarcia", "first_name": "Ana Clara", "last_name": "Carvalho", "email": "anaclaragdsc@gmail.com", "is_staff": false, "is_active": true, "date_joined": "2018-02-20T19:36:46.536Z", "groups": [], "user_permissions": []}}, {"model": "auth.user", "pk": 50, "fields": {"password": "pbkdf2_sha256$24000$hsj2fKUNOOmg$nBqSx521O0gcEXdrxtJjqsKR8n3MRUJAvp3SDU34yLI=", "last_login": null, "is_superuser": false, "username": "sorvete203", "first_name": "Ana Paola", "last_name": "gomes", "email": "anarodrigues.2071@gmail.com", "is_staff": false, "is_active": true, "date_joined": "2018-02-20T19:38:47.005Z", "groups": [], "user_permissions": []}}, {"model": "auth.user", "pk": 51, "fields": {"password": "pbkdf2_sha256$24000$kDGOnoXUlUgu$f9uJEPNDpPDLQcxb/QMGJRY1R2e7A1a7iy69kA2P4SA=", "last_login": null, "is_superuser": false, "username": "euamocheddar18", "first_name": "Rebeca", "last_name": "dores", "email": "rebeca.caroline202@gmail.com", "is_staff": false, "is_active": true, "date_joined": "2018-02-20T19:41:11.396Z", "groups": [], "user_permissions": []}}, {"model": "admin.logentry", "pk": 1, "fields": {"action_time": "2017-12-21T16:43:52.002Z", "user": 1, "content_type": 1, "object_id": "1", "object_repr": "Topic 1", "action_flag": 1, "change_message": "Added. Added question \"<p>Question 1</p>\". Added question \"<p>Question 2</p>\". Added question \"<p>Question 3</p>\". Added question \"<p>Question 4</p>\". Added question \"<p>Question 5</p>\". Added question \"<p>Question 6</p>\"."}}, {"model": "admin.logentry", "pk": 2, "fields": {"action_time": "2017-12-21T16:44:56.491Z", "user": 1, "content_type": 2, "object_id": "1", "object_repr": "<p>Question 1</p>", "action_flag": 2, "change_message": "Added choice \"choice 1\". Added choice \"choice 2\". Added choice \"choice 3\". Added choice \"choice 4\"."}}, {"model": "admin.logentry", "pk": 3, "fields": {"action_time": "2017-12-21T16:45:20.990Z", "user": 1, "content_type": 2, "object_id": "2", "object_repr": "<p>Question 2</p>", "action_flag": 2, "change_message": "Added choice \"choice 1\". Added choice \"choice 2\". Added choice \"choice 3\". Added choice \"choice 4\"."}}, {"model": "admin.logentry", "pk": 4, "fields": {"action_time": "2017-12-21T16:45:49.727Z", "user": 1, "content_type": 2, "object_id": "3", "object_repr": "<p>Question 3</p>", "action_flag": 2, "change_message": "Added choice \"choice 1\". Added choice \"choice 2\". Added choice \"choice 3\". Added choice \"choice 4\"."}}, {"model": "admin.logentry", "pk": 5, "fields": {"action_time": "2017-12-21T16:46:26.550Z", "user": 1, "content_type": 2, "object_id": "4", "object_repr": "<p>Question 4</p>", "action_flag": 2, "change_message": "Added choice \"choice 1\". Added choice \"choice 2\". Added choice \"choice 3\". Added choice \"choice 4\"."}}, {"model": "admin.logentry", "pk": 6, "fields": {"action_time": "2017-12-21T16:47:04.665Z", "user": 1, "content_type": 2, "object_id": "5", "object_repr": "<p>Question 5</p>", "action_flag": 2, "change_message": "Added choice \"choice 1\". Added choice \"choice 2\". Added choice \"choice 3\". Added choice \"choice 4\"."}}, {"model": "admin.logentry", "pk": 7, "fields": {"action_time": "2017-12-21T16:47:38.311Z", "user": 1, "content_type": 2, "object_id": "6", "object_repr": "<p>Question 6</p>", "action_flag": 2, "change_message": "Added choice \"choice 1\". Added choice \"choice 2\". Added choice \"choice 3\". Added choice \"choice 4\"."}}, {"model": "admin.logentry", "pk": 8, "fields": {"action_time": "2017-12-21T16:49:59.655Z", "user": 1, "content_type": 9, "object_id": "1", "object_repr": "tnunes", "action_flag": 2, "change_message": "Changed first_name and last_name."}}, {"model": "admin.logentry", "pk": 9, "fields": {"action_time": "2017-12-22T20:11:27.989Z", "user": 1, "content_type": 2, "object_id": "7", "object_repr": "<p>Question 7</p>", "action_flag": 1, "change_message": "Added."}}, {"model": "admin.logentry", "pk": 10, "fields": {"action_time": "2018-01-02T20:18:35.419Z", "user": 1, "content_type": 1, "object_id": "2", "object_repr": "Panorama da Computa\u00e7\u00e3o", "action_flag": 1, "change_message": "Added."}}, {"model": "admin.logentry", "pk": 11, "fields": {"action_time": "2018-01-02T20:49:07.539Z", "user": 1, "content_type": 1, "object_id": "3", "object_repr": "Ambientes de Desenvolvimento e a Linguagem C", "action_flag": 1, "change_message": "Added."}}, {"model": "admin.logentry", "pk": 12, "fields": {"action_time": "2018-01-02T20:56:55.629Z", "user": 1, "content_type": 1, "object_id": "3", "object_repr": "Ambientes de Desenvolvimento e a Linguagem C", "action_flag": 2, "change_message": "No fields changed."}}, {"model": "admin.logentry", "pk": 13, "fields": {"action_time": "2018-01-02T21:41:41.879Z", "user": 1, "content_type": 1, "object_id": "4", "object_repr": "Meu Primeiro Programa", "action_flag": 1, "change_message": "Added."}}, {"model": "admin.logentry", "pk": 14, "fields": {"action_time": "2018-01-03T17:10:08.569Z", "user": 1, "content_type": 1, "object_id": "4", "object_repr": "Meu Primeiro Programa", "action_flag": 2, "change_message": "No fields changed."}}, {"model": "admin.logentry", "pk": 15, "fields": {"action_time": "2018-01-03T17:28:26.481Z", "user": 1, "content_type": 1, "object_id": "5", "object_repr": "Vetores", "action_flag": 1, "change_message": "Added."}}, {"model": "admin.logentry", "pk": 16, "fields": {"action_time": "2018-01-03T17:47:06.038Z", "user": 1, "content_type": 1, "object_id": "5", "object_repr": "Vetores", "action_flag": 2, "change_message": "Changed topic_content."}}, {"model": "admin.logentry", "pk": 17, "fields": {"action_time": "2018-01-03T18:58:35.702Z", "user": 1, "content_type": 1, "object_id": "5", "object_repr": "Vetores", "action_flag": 2, "change_message": "Changed topic_content."}}, {"model": "admin.logentry", "pk": 18, "fields": {"action_time": "2018-01-03T19:46:19.070Z", "user": 1, "content_type": 1, "object_id": "5", "object_repr": "Vetores", "action_flag": 2, "change_message": "Changed topic_content."}}, {"model": "admin.logentry", "pk": 19, "fields": {"action_time": "2018-01-03T19:50:17.596Z", "user": 1, "content_type": 1, "object_id": "5", "object_repr": "Vetores", "action_flag": 2, "change_message": "Changed topic_content."}}, {"model": "admin.logentry", "pk": 20, "fields": {"action_time": "2018-01-03T19:51:16.147Z", "user": 1, "content_type": 1, "object_id": "5", "object_repr": "Vetores", "action_flag": 2, "change_message": "Changed topic_content."}}, {"model": "admin.logentry", "pk": 21, "fields": {"action_time": "2018-01-03T19:51:58.220Z", "user": 1, "content_type": 1, "object_id": "5", "object_repr": "Vetores", "action_flag": 2, "change_message": "Changed topic_content."}}, {"model": "admin.logentry", "pk": 22, "fields": {"action_time": "2018-01-03T20:01:32.779Z", "user": 1, "content_type": 1, "object_id": "5", "object_repr": "Vetores", "action_flag": 2, "change_message": "Changed topic_content."}}, {"model": "admin.logentry", "pk": 23, "fields": {"action_time": "2018-01-06T18:22:10.768Z", "user": 1, "content_type": 1, "object_id": "5", "object_repr": "Vetores", "action_flag": 2, "change_message": "Changed topic_content."}}, {"model": "admin.logentry", "pk": 24, "fields": {"action_time": "2018-01-06T18:37:24.815Z", "user": 1, "content_type": 1, "object_id": "5", "object_repr": "Vetores", "action_flag": 2, "change_message": "Changed topic_content."}}, {"model": "admin.logentry", "pk": 25, "fields": {"action_time": "2018-01-06T18:59:11.027Z", "user": 1, "content_type": 1, "object_id": "5", "object_repr": "Vetores", "action_flag": 2, "change_message": "Changed topic_content. Added question \"<p>Analise o c&oacute;digo abaixo e informe qual a mensagem que ser&aacute; mostrada na tela ao final da execu&ccedil;&atilde;o do programa abaixo:</p>\r\n\r\n<pre>\r\n<code class=\"language-cpp\">#include &lt;stdio.h&gt;\r\nint main()\r\n{\r\n    float lista_temperaturas[5]={32.5, 15.3, 20.2, 31.5, 40.0};\r\n    printf(\"[%.2f, %.2f, %.2f]\\n\", lista_temperaturas[0], lista_temperaturas[2], lista_temperaturas[4]);\r\n    return 0;\r\n}</code></pre>\". Added question \"<p>Analise o c&oacute;digo abaixo e informe qual a mensagem que ser&aacute; mostrada na tela ao final da execu&ccedil;&atilde;o do programa abaixo:</p>\r\n\r\n<pre>\r\n<code class=\"language-cpp\">#include &lt;stdio.h&gt;\r\nint main()\r\n{\r\n    float lista_temperaturas[5]={32.5, 15.3, 20.2, 31.5, 40.0};\r\n    float t = 42.7;\r\n    lista_temperaturas[4] = t;\r\n    lista_temperaturas[0] = lista_temperaturas[2];\r\n    lista_temperaturas[2] = lista_temperaturas[3];\r\n\r\n    printf(\"[%.2f, %.2f, %.2f]\\n\", lista_temperaturas[0], lista_temperaturas[2], lista_temperaturas[4]);\r\n    return 0;\r\n}</code></pre>\". Added question \"<p>Modifique o programa abaixo para imprimir as temperaturas do primeiro e do s&eacute;timo dias em Fahrenheit:</p>\r\n\r\n<pre>\r\n<code class=\"language-cpp\">#include &lt;stdio.h&gt;\r\nint main()\r\n{\r\n    float lista_temperaturas[7]={35.0, 32.5, 15.3, 20.2, 31.5, 40.0, 27.2};\r\n\r\n    //imprimir aqui as temperaturas do primeiro e s\u00e9timo dias em \u00baF.\r\n\r\n    return 0;\r\n}</code></pre>\"."}}, {"model": "admin.logentry", "pk": 26, "fields": {"action_time": "2018-01-06T19:04:27.459Z", "user": 1, "content_type": 2, "object_id": "10", "object_repr": "<p>Modifique o programa abaixo para imprimir as temperaturas do primeiro e do s&eacute;timo dias em Fahrenheit:</p>\r\n\r\n<pre>\r\n<code class=\"language-cpp\">#include &lt;stdio.h&gt;\r\nint main()\r\n{\r\n    fl", "action_flag": 2, "change_message": "Changed is_discursive."}}, {"model": "admin.logentry", "pk": 27, "fields": {"action_time": "2018-01-06T19:04:40.701Z", "user": 1, "content_type": 2, "object_id": "9", "object_repr": "<p>Analise o c&oacute;digo abaixo e informe qual a mensagem que ser&aacute; mostrada na tela ao final da execu&ccedil;&atilde;o do programa abaixo:</p>\r\n\r\n<pre>\r\n<code class=\"language-cpp\">#include &l", "action_flag": 2, "change_message": "Changed is_discursive."}}, {"model": "admin.logentry", "pk": 28, "fields": {"action_time": "2018-01-06T19:04:57.808Z", "user": 1, "content_type": 2, "object_id": "8", "object_repr": "<p>Analise o c&oacute;digo abaixo e informe qual a mensagem que ser&aacute; mostrada na tela ao final da execu&ccedil;&atilde;o do programa abaixo:</p>\r\n\r\n<pre>\r\n<code class=\"language-cpp\">#include &l", "action_flag": 2, "change_message": "Changed is_discursive."}}, {"model": "admin.logentry", "pk": 29, "fields": {"action_time": "2018-01-06T19:17:39.063Z", "user": 1, "content_type": 1, "object_id": "5", "object_repr": "Vetores", "action_flag": 2, "change_message": "Changed topic_content."}}, {"model": "admin.logentry", "pk": 30, "fields": {"action_time": "2018-01-11T12:46:23.827Z", "user": 1, "content_type": 12, "object_id": "1", "object_repr": "Computa\u00e7\u00e3o Aplicada", "action_flag": 1, "change_message": "Added."}}, {"model": "admin.logentry", "pk": 31, "fields": {"action_time": "2018-01-11T12:46:56.401Z", "user": 1, "content_type": 1, "object_id": "5", "object_repr": "Vetores", "action_flag": 2, "change_message": "Changed discipline."}}, {"model": "admin.logentry", "pk": 32, "fields": {"action_time": "2018-01-11T12:47:28.830Z", "user": 1, "content_type": 1, "object_id": "4", "object_repr": "Meu Primeiro Programa", "action_flag": 2, "change_message": "Changed discipline."}}, {"model": "admin.logentry", "pk": 33, "fields": {"action_time": "2018-01-11T12:47:39.430Z", "user": 1, "content_type": 1, "object_id": "3", "object_repr": "Ambientes de Desenvolvimento e a Linguagem C", "action_flag": 2, "change_message": "Changed discipline."}}, {"model": "admin.logentry", "pk": 34, "fields": {"action_time": "2018-01-11T12:47:48.985Z", "user": 1, "content_type": 1, "object_id": "2", "object_repr": "Panorama da Computa\u00e7\u00e3o", "action_flag": 2, "change_message": "Changed discipline."}}, {"model": "admin.logentry", "pk": 35, "fields": {"action_time": "2018-01-11T13:53:17.346Z", "user": 1, "content_type": 12, "object_id": "2", "object_repr": "Redes de Computadores", "action_flag": 1, "change_message": "Added."}}, {"model": "admin.logentry", "pk": 36, "fields": {"action_time": "2018-01-11T13:53:49.492Z", "user": 1, "content_type": 1, "object_id": "6", "object_repr": "Redes Cliente-Servidor", "action_flag": 1, "change_message": "Added."}}, {"model": "admin.logentry", "pk": 37, "fields": {"action_time": "2018-01-17T22:57:26.538Z", "user": 1, "content_type": null, "object_id": "4", "object_repr": "Answer object", "action_flag": 3, "change_message": ""}}, {"model": "admin.logentry", "pk": 38, "fields": {"action_time": "2018-01-17T22:57:26.552Z", "user": 1, "content_type": null, "object_id": "3", "object_repr": "Answer object", "action_flag": 3, "change_message": ""}}, {"model": "admin.logentry", "pk": 39, "fields": {"action_time": "2018-01-17T22:57:26.566Z", "user": 1, "content_type": null, "object_id": "2", "object_repr": "Answer object", "action_flag": 3, "change_message": ""}}, {"model": "admin.logentry", "pk": 40, "fields": {"action_time": "2018-01-17T22:57:26.580Z", "user": 1, "content_type": null, "object_id": "1", "object_repr": "Answer object", "action_flag": 3, "change_message": ""}}, {"model": "admin.logentry", "pk": 41, "fields": {"action_time": "2018-01-18T18:14:29.058Z", "user": 1, "content_type": 1, "object_id": "4", "object_repr": "Meu Primeiro Programa", "action_flag": 2, "change_message": "Added question \"<p>Multiple Choice 1</p>\"."}}, {"model": "admin.logentry", "pk": 42, "fields": {"action_time": "2018-01-18T18:15:13.767Z", "user": 1, "content_type": 2, "object_id": "11", "object_repr": "<p>Multiple Choice 1</p>", "action_flag": 2, "change_message": "Added choice \"choice 1\". Added choice \"choice 2\". Added choice \"chocie 3\". Added choice \"choice 4\"."}}, {"model": "admin.logentry", "pk": 43, "fields": {"action_time": "2018-01-24T13:04:53.771Z", "user": 1, "content_type": 1, "object_id": "5", "object_repr": "Vetores 1", "action_flag": 2, "change_message": "Changed topic_title."}}, {"model": "admin.logentry", "pk": 44, "fields": {"action_time": "2018-01-24T13:50:59.503Z", "user": 1, "content_type": 1, "object_id": "7", "object_repr": "Vetores 2", "action_flag": 1, "change_message": "Added."}}, {"model": "admin.logentry", "pk": 45, "fields": {"action_time": "2018-01-24T14:24:30.726Z", "user": 1, "content_type": 1, "object_id": "7", "object_repr": "Vetores 2", "action_flag": 2, "change_message": "Changed topic_content."}}, {"model": "admin.logentry", "pk": 46, "fields": {"action_time": "2018-01-24T14:27:48.167Z", "user": 1, "content_type": 1, "object_id": "7", "object_repr": "Vetores 2", "action_flag": 2, "change_message": "Changed topic_content."}}, {"model": "admin.logentry", "pk": 47, "fields": {"action_time": "2018-01-25T20:25:51.489Z", "user": 1, "content_type": 1, "object_id": "7", "object_repr": "Vetores 2", "action_flag": 2, "change_message": "Added question \"<p>Supondo que as temperaturas do programa abaixo s&atilde;o digitadas em &ordm;C, altere o programa&nbsp;para imprimir todas as temperaturas do vetor em &ordm;F.</p>\r\n\r\n<pre>\r\n<code class=\"language-cpp\">#include &lt;stdio.h&gt;\r\nint main()\r\n{\r\n    float lista_temperaturas[7]; //remova os dados inicializa\u00e7\u00e3o\r\n    int index;\r\n    \r\n    for(index=0; index&lt;7; index++)\r\n    {\r\n        printf(\"\\nDigite a temperatura do dia %i em Celsius: \", index + 1);\r\n        scanf(\"%f\", &amp;lista_temperaturas[index]);\r\n    }\r\n\r\n    //Insira aqui o c\u00f3digo para imprimir o vetor lista_temperaturas em graus Fahrenheit.\r\n    \r\n    return 0;\r\n}</code></pre>\"."}}, {"model": "admin.logentry", "pk": 48, "fields": {"action_time": "2018-01-25T20:59:23.669Z", "user": 1, "content_type": 1, "object_id": "7", "object_repr": "Vetores 2", "action_flag": 2, "change_message": "Changed topic_content. Changed question_text for question \"<p>Supondo que as temperaturas do programa abaixo s&atilde;o digitadas em &ordm;C, altere o programa&nbsp;para imprimir todas as temperaturas do vetor em &ordm;F.</p>\r\n\r\n<pre>\r\n<code class=\"language-cpp\">#include &lt;stdio.h&gt;\r\nint main()\r\n{\r\n    float lista_temperaturas[7];\r\n    int index;\r\n    \r\n    for(index=0; index&lt;7; index++)\r\n    {\r\n        printf(\"\\nDigite a temperatura do dia %i em Celsius: \", index + 1);\r\n        scanf(\"%f\", &amp;lista_temperaturas[index]);\r\n    }\r\n\r\n    //Insira aqui o c\u00f3digo para imprimir o vetor lista_temperaturas em graus Fahrenheit.\r\n    \r\n    return 0;\r\n}</code></pre>\"."}}, {"model": "admin.logentry", "pk": 49, "fields": {"action_time": "2018-01-25T21:20:48.881Z", "user": 1, "content_type": 1, "object_id": "7", "object_repr": "Vetores 2", "action_flag": 2, "change_message": "Changed topic_content."}}, {"model": "admin.logentry", "pk": 50, "fields": {"action_time": "2018-01-25T21:26:24.233Z", "user": 1, "content_type": 1, "object_id": "7", "object_repr": "Vetores 2", "action_flag": 2, "change_message": "Changed topic_content."}}, {"model": "admin.logentry", "pk": 51, "fields": {"action_time": "2018-01-25T21:37:32.486Z", "user": 1, "content_type": 1, "object_id": "7", "object_repr": "Vetores 2", "action_flag": 2, "change_message": "No fields changed."}}, {"model": "admin.logentry", "pk": 52, "fields": {"action_time": "2018-01-26T19:58:15.496Z", "user": 1, "content_type": 1, "object_id": "7", "object_repr": "Vetores 2", "action_flag": 2, "change_message": "Changed topic_content."}}, {"model": "admin.logentry", "pk": 53, "fields": {"action_time": "2018-01-26T20:09:06.021Z", "user": 1, "content_type": 1, "object_id": "7", "object_repr": "Vetores 2", "action_flag": 2, "change_message": "Changed topic_content."}}, {"model": "admin.logentry", "pk": 54, "fields": {"action_time": "2018-01-26T20:14:25.780Z", "user": 1, "content_type": 1, "object_id": "7", "object_repr": "Vetores 2", "action_flag": 2, "change_message": "Changed topic_content."}}, {"model": "admin.logentry", "pk": 55, "fields": {"action_time": "2018-01-26T20:23:56.054Z", "user": 1, "content_type": 1, "object_id": "7", "object_repr": "Vetores 2", "action_flag": 2, "change_message": "Changed topic_content."}}, {"model": "admin.logentry", "pk": 56, "fields": {"action_time": "2018-01-26T20:50:12.128Z", "user": 1, "content_type": 1, "object_id": "7", "object_repr": "Vetores 2", "action_flag": 2, "change_message": "Changed topic_content."}}, {"model": "admin.logentry", "pk": 57, "fields": {"action_time": "2018-01-26T21:10:00.628Z", "user": 1, "content_type": 1, "object_id": "7", "object_repr": "Vetores 2", "action_flag": 2, "change_message": "Changed topic_content."}}, {"model": "admin.logentry", "pk": 58, "fields": {"action_time": "2018-01-27T20:43:49.784Z", "user": 1, "content_type": 1, "object_id": "5", "object_repr": "Vetores 1", "action_flag": 2, "change_message": "Changed index for question \"<p>Analise o c&oacute;digo abaixo e informe qual a mensagem que ser&aacute; mostrada na tela ao final da execu&ccedil;&atilde;o do programa abaixo:</p>\r\n\r\n<pre>\r\n<code class=\"language-cpp\">#include &lt;stdio.h&gt;\r\nint main()\r\n{\r\n    float lista_temperaturas[5]={32.5, 15.3, 20.2, 31.5, 40.0};\r\n    float t = 42.7;\r\n    lista_temperaturas[4] = t;\r\n    lista_temperaturas[0] = lista_temperaturas[2];\r\n    lista_temperaturas[2] = lista_temperaturas[3];\r\n\r\n    printf(\"[%.2f, %.2f, %.2f]\\n\", lista_temperaturas[0], lista_temperaturas[2], lista_temperaturas[4]);\r\n    return 0;\r\n}</code></pre>\". Changed index for question \"<p>Modifique o programa abaixo para imprimir as temperaturas do primeiro e do s&eacute;timo dias em Fahrenheit:</p>\r\n\r\n<pre>\r\n<code class=\"language-cpp\">#include &lt;stdio.h&gt;\r\nint main()\r\n{\r\n    float lista_temperaturas[7]={35.0, 32.5, 15.3, 20.2, 31.5, 40.0, 27.2};\r\n\r\n    //imprimir aqui as temperaturas do primeiro e s\u00e9timo dias em \u00baF.\r\n\r\n    return 0;\r\n}</code></pre>\"."}}, {"model": "admin.logentry", "pk": 59, "fields": {"action_time": "2018-01-27T21:43:01.669Z", "user": 1, "content_type": 12, "object_id": "1", "object_repr": "Computa\u00e7\u00e3o Aplicada", "action_flag": 2, "change_message": "Changed students."}}, {"model": "admin.logentry", "pk": 60, "fields": {"action_time": "2018-01-27T21:43:33.344Z", "user": 1, "content_type": 12, "object_id": "1", "object_repr": "Computa\u00e7\u00e3o Aplicada", "action_flag": 2, "change_message": "No fields changed."}}, {"model": "admin.logentry", "pk": 61, "fields": {"action_time": "2018-01-30T13:16:32.915Z", "user": 1, "content_type": 14, "object_id": "3", "object_repr": "DiscursiveAnswer object", "action_flag": 3, "change_message": ""}}, {"model": "admin.logentry", "pk": 62, "fields": {"action_time": "2018-01-30T13:38:22.660Z", "user": 1, "content_type": 14, "object_id": "4", "object_repr": "DiscursiveAnswer object", "action_flag": 3, "change_message": ""}}, {"model": "admin.logentry", "pk": 63, "fields": {"action_time": "2018-01-30T13:38:22.674Z", "user": 1, "content_type": 14, "object_id": "1", "object_repr": "DiscursiveAnswer object", "action_flag": 3, "change_message": ""}}, {"model": "admin.logentry", "pk": 64, "fields": {"action_time": "2018-01-30T16:52:55.462Z", "user": 1, "content_type": 14, "object_id": "5", "object_repr": "DiscursiveAnswer object", "action_flag": 3, "change_message": ""}}, {"model": "admin.logentry", "pk": 65, "fields": {"action_time": "2018-02-02T20:30:52.257Z", "user": 1, "content_type": 14, "object_id": "6", "object_repr": "DiscursiveAnswer object", "action_flag": 3, "change_message": ""}}, {"model": "admin.logentry", "pk": 66, "fields": {"action_time": "2018-02-02T20:45:37.948Z", "user": 1, "content_type": 14, "object_id": "8", "object_repr": "DiscursiveAnswer object", "action_flag": 3, "change_message": ""}}, {"model": "admin.logentry", "pk": 67, "fields": {"action_time": "2018-02-04T19:05:57.810Z", "user": 1, "content_type": 2, "object_id": "13", "object_repr": "<p>Fa&ccedil;a um programa que leia dois vetores A e B, com 30 temperaturas cada e preencha um terceiro vetor C, tal que, cada posi&ccedil;&atilde;o de C seja a diferen&ccedil;a entre as temperaturas ", "action_flag": 1, "change_message": "Added."}}, {"model": "admin.logentry", "pk": 68, "fields": {"action_time": "2018-02-04T19:14:36.796Z", "user": 1, "content_type": 2, "object_id": "14", "object_repr": "<p>Fa&ccedil;a um programa que leia um conjunto de temperaturas em um vetor a partir de um arquivo e preencha um <strong>segundo vetor contendo todas as temperaturas convertidas para graus Fahrenheit<", "action_flag": 1, "change_message": "Added."}}, {"model": "admin.logentry", "pk": 69, "fields": {"action_time": "2018-02-04T19:25:31.418Z", "user": 1, "content_type": 2, "object_id": "15", "object_repr": "<p>Fa&ccedil;a um programa que leia um vetor com 30 temperaturas (para 30 dias do m&ecirc;s) e informe todos os dias em que a temperatura superou os 40 graus Celsius. Veja o exemplo abaixo:</p>\r\n\r\n<p>", "action_flag": 1, "change_message": "Added."}}, {"model": "admin.logentry", "pk": 70, "fields": {"action_time": "2018-02-04T19:26:13.619Z", "user": 1, "content_type": 2, "object_id": "15", "object_repr": "<p>Fa&ccedil;a um programa que leia um vetor com 30 temperaturas (para 30 dias do m&ecirc;s) e informe todos os dias em que a temperatura superou os 40 graus Celsius. Veja o exemplo abaixo:</p>\r\n\r\n<p>", "action_flag": 2, "change_message": "Changed is_discursive."}}, {"model": "admin.logentry", "pk": 71, "fields": {"action_time": "2018-02-04T19:42:32.447Z", "user": 1, "content_type": 12, "object_id": "3", "object_repr": "Inform\u00e1tica Aplicada", "action_flag": 1, "change_message": "Added."}}, {"model": "admin.logentry", "pk": 72, "fields": {"action_time": "2018-02-04T19:55:23.395Z", "user": 1, "content_type": 1, "object_id": "8", "object_repr": "Libre Office Calc 1", "action_flag": 1, "change_message": "Added."}}, {"model": "admin.logentry", "pk": 73, "fields": {"action_time": "2018-02-04T20:07:36.315Z", "user": 1, "content_type": 1, "object_id": "8", "object_repr": "Libre Office Calc 1", "action_flag": 2, "change_message": "Changed topic_content."}}, {"model": "admin.logentry", "pk": 74, "fields": {"action_time": "2018-02-04T20:34:34.093Z", "user": 1, "content_type": 1, "object_id": "8", "object_repr": "Libre Office Calc 1", "action_flag": 2, "change_message": "Changed topic_content."}}, {"model": "admin.logentry", "pk": 75, "fields": {"action_time": "2018-02-05T23:03:09.100Z", "user": 1, "content_type": 1, "object_id": "8", "object_repr": "Libre Office Calc 1", "action_flag": 2, "change_message": "Changed topic_content."}}, {"model": "admin.logentry", "pk": 76, "fields": {"action_time": "2018-02-06T00:14:09.247Z", "user": 1, "content_type": 1, "object_id": "8", "object_repr": "Libre Office Calc 1", "action_flag": 2, "change_message": "Changed topic_content."}}, {"model": "admin.logentry", "pk": 77, "fields": {"action_time": "2018-02-06T00:18:46.326Z", "user": 1, "content_type": 1, "object_id": "8", "object_repr": "Libre Office Calc 1", "action_flag": 2, "change_message": "Changed topic_content."}}, {"model": "admin.logentry", "pk": 78, "fields": {"action_time": "2018-02-06T00:22:38.319Z", "user": 1, "content_type": 1, "object_id": "8", "object_repr": "Libre Office Calc 1", "action_flag": 2, "change_message": "Changed topic_content."}}, {"model": "admin.logentry", "pk": 79, "fields": {"action_time": "2018-02-06T00:57:17.195Z", "user": 1, "content_type": 1, "object_id": "8", "object_repr": "Libre Office Calc 1", "action_flag": 2, "change_message": "Changed topic_content."}}, {"model": "admin.logentry", "pk": 80, "fields": {"action_time": "2018-02-06T18:26:11.522Z", "user": 1, "content_type": 1, "object_id": "8", "object_repr": "Libre Office Calc 1", "action_flag": 2, "change_message": "Changed topic_content."}}, {"model": "admin.logentry", "pk": 81, "fields": {"action_time": "2018-02-06T19:00:07.876Z", "user": 1, "content_type": 1, "object_id": "8", "object_repr": "Libre Office Calc 1", "action_flag": 2, "change_message": "Changed topic_content."}}, {"model": "admin.logentry", "pk": 82, "fields": {"action_time": "2018-02-06T19:08:03.205Z", "user": 1, "content_type": 1, "object_id": "8", "object_repr": "Libre Office Calc 1", "action_flag": 2, "change_message": "Added question \"<p>Digite a tabela abaixo, formate de acordo e calcule a coluna <strong>M&eacute;dia:</strong></p>\r\n\r\n<p><img alt=\"\" src=\"/media/uploads/2018/02/06/calc12.png\" style=\"height:372px; width:1099px\" /></p>\r\n\r\n<ol start=\"1\" style=\"list-style-type:lower-alpha\">\r\n\t<li>Mescle e centralize a primeira linha;</li>\r\n\t<li>centralize as c&eacute;lulas que cont&eacute;m as notas;</li>\r\n\t<li>coloque a primeira e segunda linhas em <strong>Negrito;</strong></li>\r\n\t<li>Altere o plano de fundo para alternar a cor das linhas;</li>\r\n\t<li>Insira a f&oacute;rmula para calcular as m&eacute;dias dos alunos&nbsp;.</li>\r\n</ol>\r\n\r\n<p>&nbsp;</p>\"."}}, {"model": "admin.logentry", "pk": 83, "fields": {"action_time": "2018-02-06T19:09:00.261Z", "user": 1, "content_type": 1, "object_id": "8", "object_repr": "Libre Office Calc 1", "action_flag": 2, "change_message": "Changed question_text for question \"<p>Digite a tabela abaixo, formate de acordo e calcule a coluna <strong>M&eacute;dia:</strong></p>\r\n\r\n<p><img alt=\"\" src=\"/media/uploads/2018/02/06/calc12_MdHVUgT.png\" style=\"height:216px; width:638px\" /></p>\r\n\r\n<ol start=\"1\" style=\"list-style-type:lower-alpha\">\r\n\t<li>Mescle e centralize a primeira linha;</li>\r\n\t<li>centralize as c&eacute;lulas que cont&eacute;m as notas;</li>\r\n\t<li>coloque a primeira e segunda linhas em <strong>Negrito;</strong></li>\r\n\t<li>Altere o plano de fundo para alternar a cor das linhas;</li>\r\n\t<li>Insira a f&oacute;rmula para calcular as m&eacute;dias dos alunos&nbsp;.</li>\r\n</ol>\r\n\r\n<p>&nbsp;</p>\"."}}, {"model": "admin.logentry", "pk": 84, "fields": {"action_time": "2018-02-06T19:09:59.172Z", "user": 1, "content_type": 1, "object_id": "8", "object_repr": "Libre Office Calc 1", "action_flag": 2, "change_message": "Changed question_text for question \"<p>Digite a tabela abaixo, formate de acordo e calcule a coluna <strong>M&eacute;dia. </strong>Ao final, salve o arquivo e anexe como resposta ao exerc&iacute;cio.</p>\r\n\r\n<p><img alt=\"\" src=\"/media/uploads/2018/02/06/calc12_MdHVUgT.png\" style=\"height:216px; width:638px\" /></p>\r\n\r\n<ol start=\"1\" style=\"list-style-type:lower-alpha\">\r\n\t<li>Mescle e centralize a primeira linha;</li>\r\n\t<li>centralize as c&eacute;lulas que cont&eacute;m as notas;</li>\r\n\t<li>coloque a primeira e segunda linhas em <strong>Negrito;</strong></li>\r\n\t<li>Altere o plano de fundo para alternar a cor das linhas;</li>\r\n\t<li>Insira a f&oacute;rmula para calcular as m&eacute;dias dos alunos&nbsp;.</li>\r\n</ol>\r\n\r\n<p>&nbsp;</p>\"."}}, {"model": "admin.logentry", "pk": 85, "fields": {"action_time": "2018-02-06T19:11:00.647Z", "user": 1, "content_type": 1, "object_id": "8", "object_repr": "Libre Office Calc 1", "action_flag": 2, "change_message": "Changed question_text for question \"<p>Digite a tabela abaixo, formate de acordo e calcule a coluna <strong>M&eacute;dia. </strong>Ao final, salve o arquivo e anexe como resposta ao exerc&iacute;cio.</p>\r\n\r\n<p><img alt=\"\" src=\"/media/uploads/2018/02/06/calc12_MdHVUgT.png\" style=\"height:216px; width:638px\" /></p>\r\n\r\n<ol start=\"1\" style=\"list-style-type:lower-alpha\">\r\n\t<li>Mescle e centralize a primeira linha;</li>\r\n\t<li>centralize as c&eacute;lulas que cont&eacute;m as notas;</li>\r\n\t<li>coloque a primeira e segunda linhas em <strong>Negrito;</strong></li>\r\n\t<li>Altere o plano de fundo para alternar a cor das linhas;</li>\r\n\t<li>Adicione bordas horizontais &agrave; planilha;</li>\r\n\t<li>Insira a f&oacute;rmula para calcular as m&eacute;dias dos alunos&nbsp;.</li>\r\n</ol>\r\n\r\n<p>&nbsp;</p>\"."}}, {"model": "admin.logentry", "pk": 86, "fields": {"action_time": "2018-02-06T19:27:51.647Z", "user": 1, "content_type": 1, "object_id": "8", "object_repr": "Libre Office Calc 1", "action_flag": 2, "change_message": "Added question \"<p>Digite a tabela abaixo e fa&ccedil;a o que se pede:</p>\r\n\r\n<p><img alt=\"\" src=\"/media/uploads/2018/02/06/calc13.png\" style=\"height:188px; width:383px\" /></p>\r\n\r\n<ol start=\"1\" style=\"list-style-type:lower-alpha\">\r\n\t<li>Formate de acordo com a imagem;</li>\r\n\t<li>Calcule a coluna <strong>Pre&ccedil;o com Desconto&nbsp;</strong>atrav&eacute;s de uma f&oacute;rmula que subtraia a porcentagem contida&nbsp;na c&eacute;lula&nbsp;<strong>B9&nbsp;</strong>do pre&ccedil;o de cada produto. Por exemplo, o valor do pre&ccedil;o com desconto da mem&oacute;ria seria o seu pre&ccedil;o subtra&iacute;do de 10 porcento do seu pre&ccedil;o:&nbsp;&nbsp;350 - (350 * 10/100). Utilize o recurso de f&oacute;rmulas do Calc e refer&ecirc;ncias para as c&eacute;lulas&nbsp;para fazer esse c&aacute;lculo.</li>\r\n</ol>\"."}}, {"model": "admin.logentry", "pk": 87, "fields": {"action_time": "2018-02-06T19:29:07.474Z", "user": 1, "content_type": 1, "object_id": "8", "object_repr": "Libre Office Calc 1", "action_flag": 2, "change_message": "Changed question_text for question \"<p>Digite a tabela abaixo e fa&ccedil;a o que se pede:</p>\r\n\r\n<p><img alt=\"\" src=\"/media/uploads/2018/02/06/calc13.png\" style=\"height:188px; width:383px\" /></p>\r\n\r\n<ol start=\"1\" style=\"list-style-type:lower-alpha\">\r\n\t<li>Formate de acordo com a imagem;</li>\r\n\t<li>Calcule a coluna <strong>Pre&ccedil;o com Desconto&nbsp;</strong>atrav&eacute;s de uma f&oacute;rmula que subtraia a porcentagem contida&nbsp;na c&eacute;lula&nbsp;<strong>B9&nbsp;</strong>do pre&ccedil;o de cada produto. Por exemplo, o valor do pre&ccedil;o com desconto da mem&oacute;ria seria o seu pre&ccedil;o subtra&iacute;do de 10 porcento do seu pre&ccedil;o:&nbsp;&nbsp;350 - (350 * 10/100). Utilize o recurso de f&oacute;rmulas do Calc e refer&ecirc;ncias para as c&eacute;lulas&nbsp;para fazer esse c&aacute;lculo.</li>\r\n\t<li>Salve a planilha e anexe o arquivo como resposta a essa quest&atilde;o.</li>\r\n</ol>\"."}}, {"model": "admin.logentry", "pk": 88, "fields": {"action_time": "2018-02-08T15:58:27.916Z", "user": 1, "content_type": 9, "object_id": "14", "object_repr": "w4gner2016", "action_flag": 2, "change_message": "Changed username and first_name."}}, {"model": "admin.logentry", "pk": 89, "fields": {"action_time": "2018-02-08T17:40:14.028Z", "user": 1, "content_type": 14, "object_id": "30", "object_repr": "3", "action_flag": 2, "change_message": "Changed answer_text."}}, {"model": "admin.logentry", "pk": 90, "fields": {"action_time": "2018-02-08T17:40:46.996Z", "user": 1, "content_type": 14, "object_id": "34", "object_repr": "1", "action_flag": 2, "change_message": "Changed answer_text."}}, {"model": "admin.logentry", "pk": 91, "fields": {"action_time": "2018-02-08T17:41:22.429Z", "user": 1, "content_type": 14, "object_id": "29", "object_repr": "3", "action_flag": 2, "change_message": "Changed answer_text."}}, {"model": "admin.logentry", "pk": 92, "fields": {"action_time": "2018-02-08T17:41:40.835Z", "user": 1, "content_type": 14, "object_id": "33", "object_repr": "1", "action_flag": 2, "change_message": "Changed answer_text."}}, {"model": "admin.logentry", "pk": 93, "fields": {"action_time": "2018-02-08T17:43:24.840Z", "user": 1, "content_type": 14, "object_id": "26", "object_repr": "3", "action_flag": 2, "change_message": "Changed answer_text."}}, {"model": "admin.logentry", "pk": 94, "fields": {"action_time": "2018-02-08T20:09:56.716Z", "user": 1, "content_type": 2, "object_id": "8", "object_repr": "<p>Analise o c&oacute;digo abaixo e informe qual a mensagem que ser&aacute; mostrada na tela ao final da execu&ccedil;&atilde;o do programa abaixo:</p>\r\n\r\n<pre>\r\n<code class=\"language-cpp\">#include &l", "action_flag": 2, "change_message": "Changed is_correct for discursive answer \"1\". Changed is_correct for discursive answer \"1\". Changed is_correct for discursive answer \"1\". Changed is_correct for discursive answer \"1\". Changed is_correct for discursive answer \"1\". Changed is_correct for discursive answer \"1\". Changed is_correct for discursive answer \"1\"."}}, {"model": "admin.logentry", "pk": 95, "fields": {"action_time": "2018-02-08T20:14:25.304Z", "user": 1, "content_type": 2, "object_id": "9", "object_repr": "<p>Analise o c&oacute;digo abaixo e informe qual a mensagem que ser&aacute; mostrada na tela ao final da execu&ccedil;&atilde;o do programa abaixo:</p>\r\n\r\n<pre>\r\n<code class=\"language-cpp\">#include &l", "action_flag": 2, "change_message": "Changed is_correct for discursive answer \"2\". Changed is_correct for discursive answer \"2\". Changed answer_text and is_correct for discursive answer \"2\". Changed answer_text and is_correct for discursive answer \"2\". Changed answer_text and is_correct for discursive answer \"2\". Changed answer_text and is_correct for discursive answer \"2\". Deleted discursive answer \"2\"."}}, {"model": "admin.logentry", "pk": 96, "fields": {"action_time": "2018-02-08T20:17:48.228Z", "user": 1, "content_type": 2, "object_id": "10", "object_repr": "<p>Modifique o programa abaixo para imprimir as temperaturas do primeiro e do s&eacute;timo dias em Fahrenheit:</p>\r\n\r\n<pre>\r\n<code class=\"language-cpp\">#include &lt;stdio.h&gt;\r\nint main()\r\n{\r\n    fl", "action_flag": 2, "change_message": "Changed answer_text for discursive answer \"3\". Changed answer_text for discursive answer \"3\". Changed answer_text for discursive answer \"3\". Changed answer_text for discursive answer \"3\". Changed answer_text for discursive answer \"3\". Changed answer_text for discursive answer \"3\". Changed answer_text for discursive answer \"3\"."}}, {"model": "admin.logentry", "pk": 97, "fields": {"action_time": "2018-02-08T20:19:35.699Z", "user": 1, "content_type": 2, "object_id": "10", "object_repr": "<p>Modifique o programa abaixo para imprimir as temperaturas do primeiro e do s&eacute;timo dias em Fahrenheit:</p>\r\n\r\n<pre>\r\n<code class=\"language-cpp\">#include &lt;stdio.h&gt;\r\nint main()\r\n{\r\n    fl", "action_flag": 2, "change_message": "Changed answer_text for discursive answer \"3\". Changed answer_text for discursive answer \"3\". Changed answer_text for discursive answer \"3\". Changed answer_text for discursive answer \"3\"."}}, {"model": "admin.logentry", "pk": 98, "fields": {"action_time": "2018-02-20T11:55:27.900Z", "user": 1, "content_type": 16, "object_id": "1", "object_repr": "Engenharia Ambiental 2017.2", "action_flag": 1, "change_message": "Added."}}, {"model": "admin.logentry", "pk": 99, "fields": {"action_time": "2018-02-20T17:22:37.553Z", "user": 1, "content_type": 12, "object_id": "1", "object_repr": "Computa\u00e7\u00e3o Aplicada", "action_flag": 2, "change_message": "Changed students."}}, {"model": "admin.logentry", "pk": 100, "fields": {"action_time": "2018-02-20T17:23:00.421Z", "user": 1, "content_type": 16, "object_id": "1", "object_repr": "Engenharia Ambiental 2017.2", "action_flag": 2, "change_message": "Changed students."}}, {"model": "admin.logentry", "pk": 101, "fields": {"action_time": "2018-02-20T17:27:26.572Z", "user": 1, "content_type": 16, "object_id": "2", "object_repr": "Meio Ambiente - A", "action_flag": 1, "change_message": "Added."}}, {"model": "admin.logentry", "pk": 102, "fields": {"action_time": "2018-02-20T17:31:48.708Z", "user": 1, "content_type": 16, "object_id": "1", "object_repr": "Engenharia Ambiental 2017.2", "action_flag": 2, "change_message": "Changed students."}}, {"model": "admin.logentry", "pk": 103, "fields": {"action_time": "2018-02-20T17:46:31.224Z", "user": 1, "content_type": 1, "object_id": "9", "object_repr": "Calc - Refer\u00eancias Absolutas e Relativas", "action_flag": 1, "change_message": "Added."}}, {"model": "admin.logentry", "pk": 104, "fields": {"action_time": "2018-02-20T18:13:43.695Z", "user": 1, "content_type": 1, "object_id": "9", "object_repr": "Calc - Refer\u00eancias Absolutas e Relativas", "action_flag": 2, "change_message": "Changed topic_content."}}, {"model": "admin.logentry", "pk": 105, "fields": {"action_time": "2018-02-20T18:25:40.848Z", "user": 1, "content_type": 1, "object_id": "9", "object_repr": "Calc - Refer\u00eancias Absolutas e Relativas", "action_flag": 2, "change_message": "Changed topic_content."}}, {"model": "admin.logentry", "pk": 106, "fields": {"action_time": "2018-02-20T18:35:08.208Z", "user": 1, "content_type": 1, "object_id": "9", "object_repr": "Calc - Refer\u00eancias Absolutas e Relativas", "action_flag": 2, "change_message": "Added question \"<p>Clique&nbsp;<strong><a href=\"/media/uploads/2018/02/20/calc_ex1_8bjTUCK.ods\">aqui</a></strong>&nbsp;para baixar a planilha. Calcule a coluna pre&ccedil;o em R$ para os produtos abaixo usando uma refer&ecirc;ncia absoluta para a <strong>cota&ccedil;&atilde;o do d&oacute;lar</strong>, informada na c&eacute;lula <strong>B9.&nbsp;</strong>Ao&nbsp;final adicione&nbsp;a sua planilha como resposta do exerc&iacute;cio e clique em enviar.</p>\"."}}, {"model": "admin.logentry", "pk": 107, "fields": {"action_time": "2018-02-20T18:42:34.815Z", "user": 1, "content_type": 1, "object_id": "9", "object_repr": "Calc - Refer\u00eancias Absolutas e Relativas", "action_flag": 2, "change_message": "Added question \"<p>Utilize a planilha do exerc&iacute;cio anterior. Adicione a porcentagem de impostos abaixo da cota&ccedil;&atilde;o do d&oacute;lar e calcule a coluna <strong>pre&ccedil;o com impostos</strong>&nbsp;utilizando uma refer&ecirc;ncia absoluta para&nbsp;a porcentagem estabelecida ao <strong>pre&ccedil;o em R$ </strong>e dando o devido acr&eacute;scimo para cada produto.</p>\r\n\r\n<p><strong><img alt=\"\" src=\"/media/uploads/2018/02/20/calc2ex2.png\" style=\"height:238px; width:584px\" /></strong></p>\r\n\r\n<p>&nbsp;</p>\"."}}, {"model": "admin.logentry", "pk": 108, "fields": {"action_time": "2018-02-20T19:22:50.977Z", "user": 1, "content_type": 16, "object_id": "2", "object_repr": "Meio Ambiente - B", "action_flag": 2, "change_message": "Changed name."}}, {"model": "mydidata.discursiveanswer", "pk": 7, "fields": {"answer_text": "<p>nova resposta 5</p>", "assignment_file": "uploads/assignments/2018/02/02/Thiago__Nunes__1__KMJmCvQpxkvbgVqGWhrzQX.bib", "is_correct": false}}, {"model": "mydidata.discursiveanswer", "pk": 9, "fields": {"answer_text": "<p>nova resposta 5</p>", "assignment_file": "uploads/assignments/2018/02/02/Thiago__Nunes__1__KMJmCvQpxkvbgVqGWhrzQX.bib", "is_correct": false}}, {"model": "mydidata.discursiveanswer", "pk": 10, "fields": {"answer_text": "<p>nova resposta 5</p>", "assignment_file": "uploads/assignments/2018/02/02/Thiago__Nunes__1__KMJmCvQpxkvbgVqGWhrzQX.bib", "is_correct": false}}, {"model": "mydidata.discursiveanswer", "pk": 11, "fields": {"answer_text": "<p>[32.50, 20.20, 40.00]</p>", "assignment_file": "uploads/assignments/2018/02/08/Wagner__Machado__16__rmRstT6jw8SmCiRHb4sFeN.rtf", "is_correct": true}}, {"model": "mydidata.discursiveanswer", "pk": 12, "fields": {"answer_text": "<p>[32.50, 20.20, 40.00]</p>", "assignment_file": "uploads/assignments/2018/02/08/Wagner__Machado__16__rmRstT6jw8SmCiRHb4sFeN.rtf", "is_correct": true}}, {"model": "mydidata.discursiveanswer", "pk": 13, "fields": {"answer_text": "<p>[20.20, 31.50, 42.70]</p>", "assignment_file": "uploads/assignments/2018/02/08/Wagner__Machado__16__CR38wCMShCaEAxXSQXAR4S.rtf", "is_correct": true}}, {"model": "mydidata.discursiveanswer", "pk": 14, "fields": {"answer_text": "<p>[20.20, 31.50, 42.70]</p>", "assignment_file": "uploads/assignments/2018/02/08/Wagner__Machado__16__CR38wCMShCaEAxXSQXAR4S.rtf", "is_correct": true}}, {"model": "mydidata.discursiveanswer", "pk": 15, "fields": {"answer_text": "<pre>\r\n<code class=\"language-cpp\">#include &lt;stdio.h&gt;\r\nint main()\r\n{\r\n    float lista_temperaturas[7]={35.0, 32.5, 15.3, 20.2, 31.5, 40.0, 27.2};\r\n\r\nprintf (\"%.2f\", (5.0/9.0)*(lista_temperaturas[0]- 32.0));\r\nprintf (\"%.2f\", (5.0/9.0)*(lista_temperaturas[7]- 32.0));\r\n\r\n    return 0;\r\n}</code></pre>\r\n\r\n<p>Corre&ccedil;&atilde;o: A f&oacute;rmula est&aacute; errada e o &iacute;ndice da &uacute;ltima posi&ccedil;&atilde;o &eacute; 6</p>", "assignment_file": "uploads/assignments/2018/02/08/Thayna__Cruz__11__fgztUrJayJiCpoA3VK2Bsa.odt", "is_correct": false}}, {"model": "mydidata.discursiveanswer", "pk": 16, "fields": {"answer_text": "<pre>\r\n<code class=\"language-cpp\">#include &lt;stdio.h&gt;\r\nint main()\r\n{\r\n    float lista_temperaturas[7]={35.0, 32.5, 15.3, 20.2, 31.5, 40.0, 27.2};\r\n\r\nprintf (\"%.2f\", (5.0/9.0)*(lista_temperaturas[0]- 32.0));\r\nprintf (\"%.2f\", (5.0/9.0)*(lista_temperaturas[7]- 32.0));\r\n\r\n    return 0;\r\n}</code></pre>\r\n\r\n<p>Corre&ccedil;&atilde;o: A f&oacute;rmula est&aacute; errada e o &iacute;ndice da &uacute;ltima posi&ccedil;&atilde;o &eacute; 6</p>", "assignment_file": "uploads/assignments/2018/02/08/Thayna__Cruz__11__fgztUrJayJiCpoA3VK2Bsa.odt", "is_correct": false}}, {"model": "mydidata.discursiveanswer", "pk": 17, "fields": {"answer_text": "<p><span style=\"color:#000000\"><span style=\"font-family:Arial,sans-serif\"><span style=\"font-size:small\">[32.5, 20.2, 40.0]</span></span></span></p>", "assignment_file": "uploads/assignments/2018/02/08/Thayna__Cruz__11__rmRstT6jw8SmCiRHb4sFeN.odt", "is_correct": true}}, {"model": "mydidata.discursiveanswer", "pk": 18, "fields": {"answer_text": "<p><span style=\"color:#000000\"><span style=\"font-family:Arial,sans-serif\"><span style=\"font-size:small\">[32.5, 20.2, 40.0]</span></span></span></p>", "assignment_file": "uploads/assignments/2018/02/08/Thayna__Cruz__11__rmRstT6jw8SmCiRHb4sFeN.odt", "is_correct": true}}, {"model": "mydidata.discursiveanswer", "pk": 19, "fields": {"answer_text": "<p><span style=\"color:#000000\"><span style=\"font-family:Arial,sans-serif\"><span style=\"font-size:small\">[20.2, 31.5, 42.7]</span></span></span></p>\r\n\r\n<p><span style=\"color:#000000\"><span style=\"font-family:Arial,sans-serif\"><span style=\"font-size:small\">OBS: os n&uacute;meros t&ecirc;m duas casas decimais</span></span></span></p>", "assignment_file": "uploads/assignments/2018/02/08/Thayna__Cruz__11__CR38wCMShCaEAxXSQXAR4S.odt", "is_correct": true}}, {"model": "mydidata.discursiveanswer", "pk": 20, "fields": {"answer_text": "<p><span style=\"color:#000000\"><span style=\"font-family:Arial,sans-serif\"><span style=\"font-size:small\">[20.2, 31.5, 42.7]</span></span></span></p>\r\n\r\n<p><span style=\"color:#000000\"><span style=\"font-family:Arial,sans-serif\"><span style=\"font-size:small\">OBS: os n&uacute;meros t&ecirc;m duas casas decimais</span></span></span></p>", "assignment_file": "uploads/assignments/2018/02/08/Thayna__Cruz__11__CR38wCMShCaEAxXSQXAR4S.odt", "is_correct": true}}, {"model": "mydidata.discursiveanswer", "pk": 21, "fields": {"answer_text": "<p>As temperaturas dos dias 1, 3 e 5 sao respectivamente 32.50 ,20.20 e 40.00.</p>", "assignment_file": "uploads/assignments/2018/02/08/Mauricio__Barbosa__10__rmRstT6jw8SmCiRHb4sFeN.odt", "is_correct": true}}, {"model": "mydidata.discursiveanswer", "pk": 23, "fields": {"answer_text": "<p>As temperaturas do primeiro e setimo dias sao: 1.67\u2551F e -2.67\u2551F</p>", "assignment_file": "uploads/assignments/2018/02/08/Mauricio__Barbosa__10__fgztUrJayJiCpoA3VK2Bsa.odt", "is_correct": false}}, {"model": "mydidata.discursiveanswer", "pk": 24, "fields": {"answer_text": "<pre>\r\n<code class=\"language-cpp\">#include &lt;stdio.h&gt;\r\nint main()\r\n{\r\n    float lista_temperaturas[7]={35.0, 32.5, 15.3, 20.2, 31.5, 40.0, 27.2};\r\n    float c,f1,f7;\r\n    f1=((9*lista_temperaturas[0])+(160/5.0));\r\n    printf(\"A temperatura em f1 e: %.2f/n\",f1);\r\n    f7=((9*lista_temperaturas[6])+(160/5.0));\r\n    printf(\"A temperatura em f7 e: %.2f/n\",f7);\r\n\r\n   printf(\"[%.2f, %.2f, %.2f]\\n\", lista_temperaturas[0], lista_temperaturas[6]);\r\n\r\n    return 0;\r\n}</code></pre>\r\n\r\n<p>Corre&ccedil;&atilde;o: A f&oacute;rmula est&aacute; errada.</p>", "assignment_file": "uploads/assignments/2018/02/08/Wagner__Machado__16__fgztUrJayJiCpoA3VK2Bsa.rtf", "is_correct": false}}, {"model": "mydidata.discursiveanswer", "pk": 25, "fields": {"answer_text": "<pre>\r\n<code class=\"language-cpp\">#include &lt;stdio.h&gt;\r\nint main()\r\n{\r\n    float lista_temperaturas[7]={35.0, 32.5, 15.3, 20.2, 31.5, 40.0, 27.2};\r\n    float c,f1,f7;\r\n    f1=((9*lista_temperaturas[0])+(160/5.0));\r\n    printf(\"A temperatura em f1 e: %.2f/n\",f1);\r\n    f7=((9*lista_temperaturas[6])+(160/5.0));\r\n    printf(\"A temperatura em f7 e: %.2f/n\",f7);\r\n\r\n   printf(\"[%.2f, %.2f, %.2f]\\n\", lista_temperaturas[0], lista_temperaturas[6]);\r\n\r\n    return 0;\r\n}</code></pre>\r\n\r\n<p>Corre&ccedil;&atilde;o: A f&oacute;rmula est&aacute; errada.</p>", "assignment_file": "uploads/assignments/2018/02/08/Wagner__Machado__16__fgztUrJayJiCpoA3VK2Bsa.rtf", "is_correct": false}}, {"model": "mydidata.discursiveanswer", "pk": 26, "fields": {"answer_text": "<pre>\r\n<code class=\"language-cpp\">#include &lt;stdio.h&gt;\r\nint main()\r\n\r\n{\r\n\u00a0 \u00a0 float lista_temperaturas[7]={35.0, 32.5, 15.3, 20.2, 31.5, 40.0, 27.2};\r\n\u00a0 \u00a0 \u00a0 \u00a0 \u00a0\u00a0 \u00a0\r\n\u00a0\u00a0 \u00a0printf(\"%.2f\", (5.0/9.0)*(lista_temperaturas[0]-32));\r\n\u00a0\u00a0 \u00a0printf(\"%.2f\", (5.0/9.0)*(lista_temperaturas[6]-32));\r\n\u00a0\u00a0 \u00a0\u00a0\u00a0 \u00a0\r\n\u00a0 \u00a0 return 0;\r\n}</code></pre>\r\n\r\n<p>Corre&ccedil;&atilde;o: A f&oacute;rmula est&aacute; errada.</p>", "assignment_file": "uploads/assignments/2018/02/08/Julio_Cesar__de_Souza_Couto__8__fgztUrJayJiCpoA3VK2Bsa.cpp", "is_correct": false}}, {"model": "mydidata.discursiveanswer", "pk": 27, "fields": {"answer_text": "", "assignment_file": "uploads/assignments/2018/02/08/Julio_Cesar__de_Souza_Couto__8__rmRstT6jw8SmCiRHb4sFeN.cpp", "is_correct": false}}, {"model": "mydidata.discursiveanswer", "pk": 28, "fields": {"answer_text": "", "assignment_file": "uploads/assignments/2018/02/08/Julio_Cesar__de_Souza_Couto__8__CR38wCMShCaEAxXSQXAR4S.cpp", "is_correct": false}}, {"model": "mydidata.discursiveanswer", "pk": 29, "fields": {"answer_text": "<pre>\r\n<code class=\"language-cpp\">#include &lt;stdio.h&gt;\r\nint main()\r\n{\r\n    float lista_temperaturas[7]={35.0, 32.5, 15.3, 20.2, 31.5, 40.0, 27.2};\r\nprintf(\"%.2f\", (5.0/9.0)*(lista_temperaturas[0]-32.0));\r\nprintf(\"%.2f\", (5.0/9.0)*(lista_temperaturas[7]-32.0));\r\n    return 0;\r\n}</code></pre>\r\n\r\n<p>Corre&ccedil;&atilde;o: A f&oacute;rmula est&aacute; errada e o &iacute;ndice da &uacute;ltima posi&ccedil;&atilde;o &eacute; 6</p>", "assignment_file": "uploads/assignments/2018/02/08/Tain\u00e1__pessoa_araujo__18__fgztUrJayJiCpoA3VK2Bsa.rtf", "is_correct": false}}, {"model": "mydidata.discursiveanswer", "pk": 30, "fields": {"answer_text": "<pre>\r\n<code class=\"language-cpp\">#include &lt;stdio.h&gt;\r\nint main()\r\n{\r\n    float lista_temperaturas[7]={35.0, 32.5, 15.3, 20.2, 31.5, 40.0, 27.2};\r\nprintf(\"%.2f\", (5.0/9.0)*(lista_temperaturas[0]-32.0));\r\nprintf(\"%.2f\", (5.0/9.0)*(lista_temperaturas[7]-32.0));\r\n    return 0;\r\n}</code></pre>\r\n\r\n<p>Corre&ccedil;&atilde;o: A f&oacute;rmula est&aacute; errada e o &iacute;ndice da &uacute;ltima posi&ccedil;&atilde;o &eacute; 6</p>", "assignment_file": "uploads/assignments/2018/02/08/Tain\u00e1__pessoa_araujo__18__fgztUrJayJiCpoA3VK2Bsa.rtf", "is_correct": false}}, {"model": "mydidata.discursiveanswer", "pk": 31, "fields": {"answer_text": "<p>t4= 42.7</p>\r\n\r\n<p>t0= 20.2</p>\r\n\r\n<p>t2= 31.5<br />\r\n<span style=\"color:#000000\"><span style=\"font-family:Arial,sans-serif\"><span style=\"font-size:small\">OBS: os n&uacute;meros t&ecirc;m duas casas decimais</span></span></span></p>", "assignment_file": "uploads/assignments/2018/02/08/Tain\u00e1__pessoa_araujo__18__CR38wCMShCaEAxXSQXAR4S.rtf", "is_correct": true}}, {"model": "mydidata.discursiveanswer", "pk": 32, "fields": {"answer_text": "<p>t4= 42.7</p>\r\n\r\n<p>t0= 20.2</p>\r\n\r\n<p>t2= 31.5<br />\r\n<span style=\"color:#000000\"><span style=\"font-family:Arial,sans-serif\"><span style=\"font-size:small\">OBS: os n&uacute;meros t&ecirc;m duas casas decimais</span></span></span></p>", "assignment_file": "uploads/assignments/2018/02/08/Tain\u00e1__pessoa_araujo__18__CR38wCMShCaEAxXSQXAR4S.rtf", "is_correct": true}}, {"model": "mydidata.discursiveanswer", "pk": 33, "fields": {"answer_text": "<p>Aparecer&atilde;o as temperaturas : t(0)= 32.5 ; t(2)= 20.2 ; t(4)= 40.0&nbsp;</p>", "assignment_file": "uploads/assignments/2018/02/08/Tain\u00e1__pessoa_araujo__18__rmRstT6jw8SmCiRHb4sFeN.rtf", "is_correct": true}}, {"model": "mydidata.discursiveanswer", "pk": 34, "fields": {"answer_text": "<p>Aparecer&atilde;o as temperaturas : t(0)= 32.5 ; t(2)= 20.2 ; t(4)= 40.0&nbsp;</p>", "assignment_file": "uploads/assignments/2018/02/08/Tain\u00e1__pessoa_araujo__18__rmRstT6jw8SmCiRHb4sFeN.rtf", "is_correct": true}}, {"model": "mydidata.discursiveanswer", "pk": 35, "fields": {"answer_text": "<p>adfadf</p>", "assignment_file": "", "is_correct": false}}, {"model": "mydidata.discursiveanswer", "pk": 36, "fields": {"answer_text": "<p>BlA asdfadf</p>", "assignment_file": "", "is_correct": false}}, {"model": "mydidata.discursiveanswer", "pk": 37, "fields": {"answer_text": "", "assignment_file": "uploads/assignments/2018/02/20/Edson__Lu\u00eds__48__mudE4cjeycnC8dEHDZ95fS.ods", "is_correct": false}}, {"model": "mydidata.discursiveanswer", "pk": 38, "fields": {"answer_text": "", "assignment_file": "uploads/assignments/2018/02/20/Edson__Lu\u00eds__48__mudE4cjeycnC8dEHDZ95fS.ods", "is_correct": false}}, {"model": "mydidata.discursiveanswer", "pk": 39, "fields": {"answer_text": "", "assignment_file": "uploads/assignments/2018/02/20/Iasmin__Rodrigues__28__mudE4cjeycnC8dEHDZ95fS.ods", "is_correct": false}}, {"model": "mydidata.discursiveanswer", "pk": 40, "fields": {"answer_text": "", "assignment_file": "uploads/assignments/2018/02/20/Iasmin__Rodrigues__28__mudE4cjeycnC8dEHDZ95fS.ods", "is_correct": false}}, {"model": "mydidata.discursiveanswer", "pk": 41, "fields": {"answer_text": "", "assignment_file": "uploads/assignments/2018/02/20/Iasmin__Rodrigues__28__mudE4cjeycnC8dEHDZ95fS.ods", "is_correct": false}}, {"model": "mydidata.discursiveanswer", "pk": 42, "fields": {"answer_text": "", "assignment_file": "uploads/assignments/2018/02/20/Guilherme__Oliveira__38__mudE4cjeycnC8dEHDZ95fS.ods", "is_correct": false}}, {"model": "mydidata.discursiveanswer", "pk": 43, "fields": {"answer_text": "", "assignment_file": "uploads/assignments/2018/02/20/Guilherme__Oliveira__38__mudE4cjeycnC8dEHDZ95fS.ods", "is_correct": false}}, {"model": "mydidata.discursiveanswer", "pk": 44, "fields": {"answer_text": "", "assignment_file": "uploads/assignments/2018/02/20/Aruan__Siqueira__41__mudE4cjeycnC8dEHDZ95fS.ods", "is_correct": false}}, {"model": "mydidata.discursiveanswer", "pk": 45, "fields": {"answer_text": "", "assignment_file": "uploads/assignments/2018/02/20/Ana_Clara__Carvalho__49__mudE4cjeycnC8dEHDZ95fS.ods", "is_correct": false}}, {"model": "mydidata.discursiveanswer", "pk": 46, "fields": {"answer_text": "", "assignment_file": "uploads/assignments/2018/02/20/Ana_Clara__Carvalho__49__mudE4cjeycnC8dEHDZ95fS.ods", "is_correct": false}}, {"model": "mydidata.discursiveanswer", "pk": 47, "fields": {"answer_text": "", "assignment_file": "uploads/assignments/2018/02/20/Nicole__Carmo__40__mudE4cjeycnC8dEHDZ95fS.ods", "is_correct": false}}, {"model": "mydidata.discursiveanswer", "pk": 48, "fields": {"answer_text": "", "assignment_file": "uploads/assignments/2018/02/20/Nicole__Carmo__40__mudE4cjeycnC8dEHDZ95fS.ods", "is_correct": false}}, {"model": "mydidata.discursiveanswer", "pk": 49, "fields": {"answer_text": "", "assignment_file": "uploads/assignments/2018/02/20/Samara_J\u00falia__Marques_dos_Santos__36__mudE4cjeycnC8dEHDZ95fS.ods", "is_correct": false}}, {"model": "mydidata.discursiveanswer", "pk": 50, "fields": {"answer_text": "", "assignment_file": "uploads/assignments/2018/02/20/Samara_J\u00falia__Marques_dos_Santos__36__mudE4cjeycnC8dEHDZ95fS.ods", "is_correct": false}}, {"model": "mydidata.discursiveanswer", "pk": 51, "fields": {"answer_text": "", "assignment_file": "uploads/assignments/2018/02/20/Maryanna__Gomes__45__mudE4cjeycnC8dEHDZ95fS.ods", "is_correct": false}}, {"model": "mydidata.discursiveanswer", "pk": 52, "fields": {"answer_text": "", "assignment_file": "uploads/assignments/2018/02/20/Maryanna__Gomes__45__mudE4cjeycnC8dEHDZ95fS.ods", "is_correct": false}}, {"model": "mydidata.discursiveanswer", "pk": 53, "fields": {"answer_text": "", "assignment_file": "uploads/assignments/2018/02/20/Maryanna__Gomes__45__mudE4cjeycnC8dEHDZ95fS.ods", "is_correct": false}}, {"model": "mydidata.discursiveanswer", "pk": 54, "fields": {"answer_text": "", "assignment_file": "uploads/assignments/2018/02/20/Thiago__Souza__43__mudE4cjeycnC8dEHDZ95fS.ods", "is_correct": false}}, {"model": "mydidata.discursiveanswer", "pk": 55, "fields": {"answer_text": "", "assignment_file": "uploads/assignments/2018/02/20/Thiago__Souza__43__mudE4cjeycnC8dEHDZ95fS.ods", "is_correct": false}}, {"model": "mydidata.discursiveanswer", "pk": 56, "fields": {"answer_text": "", "assignment_file": "uploads/assignments/2018/02/20/Aruan__Siqueira__41__UyqEukzP3cAsJ3nGMoc9xm.ods", "is_correct": false}}, {"model": "mydidata.discursiveanswer", "pk": 57, "fields": {"answer_text": "", "assignment_file": "uploads/assignments/2018/02/20/Nicole__Carmo__40__UyqEukzP3cAsJ3nGMoc9xm.ods", "is_correct": false}}, {"model": "mydidata.discursiveanswer", "pk": 58, "fields": {"answer_text": "", "assignment_file": "uploads/assignments/2018/02/20/Nicole__Carmo__40__UyqEukzP3cAsJ3nGMoc9xm.ods", "is_correct": false}}, {"model": "mydidata.discursiveanswer", "pk": 59, "fields": {"answer_text": "", "assignment_file": "uploads/assignments/2018/02/20/Guilherme__Oliveira__38__UyqEukzP3cAsJ3nGMoc9xm.ods", "is_correct": false}}, {"model": "mydidata.discursiveanswer", "pk": 60, "fields": {"answer_text": "", "assignment_file": "uploads/assignments/2018/02/20/Guilherme__Oliveira__38__UyqEukzP3cAsJ3nGMoc9xm.ods", "is_correct": false}}, {"model": "mydidata.discursiveanswer", "pk": 61, "fields": {"answer_text": "", "assignment_file": "uploads/assignments/2018/02/20/Edson__Lu\u00eds__48__UyqEukzP3cAsJ3nGMoc9xm.ods", "is_correct": false}}, {"model": "mydidata.discursiveanswer", "pk": 62, "fields": {"answer_text": "", "assignment_file": "uploads/assignments/2018/02/20/Edson__Lu\u00eds__48__UyqEukzP3cAsJ3nGMoc9xm.ods", "is_correct": false}}, {"model": "mydidata.discursiveanswer", "pk": 63, "fields": {"answer_text": "", "assignment_file": "uploads/assignments/2018/02/20/Ana_Clara__Carvalho__49__UyqEukzP3cAsJ3nGMoc9xm.ods", "is_correct": false}}, {"model": "mydidata.discursiveanswer", "pk": 64, "fields": {"answer_text": "", "assignment_file": "uploads/assignments/2018/02/20/Ana_Clara__Carvalho__49__UyqEukzP3cAsJ3nGMoc9xm.ods", "is_correct": false}}, {"model": "mydidata.discursiveanswer", "pk": 65, "fields": {"answer_text": "", "assignment_file": "uploads/assignments/2018/02/20/Vict\u00f3ria_Luiza__Porto__24__UyqEukzP3cAsJ3nGMoc9xm.ods", "is_correct": false}}, {"model": "mydidata.discursiveanswer", "pk": 66, "fields": {"answer_text": "", "assignment_file": "uploads/assignments/2018/02/20/Vict\u00f3ria_Luiza__Porto__24__UyqEukzP3cAsJ3nGMoc9xm.ods", "is_correct": false}}, {"model": "mydidata.discursiveanswer", "pk": 67, "fields": {"answer_text": "", "assignment_file": "uploads/assignments/2018/02/20/Iasmin__Rodrigues__28__UyqEukzP3cAsJ3nGMoc9xm.ods", "is_correct": false}}, {"model": "mydidata.discursiveanswer", "pk": 68, "fields": {"answer_text": "", "assignment_file": "uploads/assignments/2018/02/20/Iasmin__Rodrigues__28__UyqEukzP3cAsJ3nGMoc9xm.ods", "is_correct": false}}, {"model": "mydidata.discursiveanswer", "pk": 69, "fields": {"answer_text": "", "assignment_file": "uploads/assignments/2018/02/20/Iasmin__Rodrigues__28__UyqEukzP3cAsJ3nGMoc9xm.ods", "is_correct": false}}, {"model": "mydidata.discursiveanswer", "pk": 70, "fields": {"answer_text": "", "assignment_file": "uploads/assignments/2018/02/20/Maryanna__Gomes__45__UyqEukzP3cAsJ3nGMoc9xm.ods", "is_correct": false}}, {"model": "mydidata.discursiveanswer", "pk": 71, "fields": {"answer_text": "", "assignment_file": "uploads/assignments/2018/02/20/Maryanna__Gomes__45__UyqEukzP3cAsJ3nGMoc9xm.ods", "is_correct": false}}, {"model": "mydidata.discursiveanswer", "pk": 72, "fields": {"answer_text": "", "assignment_file": "uploads/assignments/2018/02/20/Maryanna__Gomes__45__UyqEukzP3cAsJ3nGMoc9xm.ods", "is_correct": false}}, {"model": "mydidata.discursiveanswer", "pk": 73, "fields": {"answer_text": "", "assignment_file": "uploads/assignments/2018/02/20/Ana_L\u00edvia__Concei\u00e7\u00e3o__22__mudE4cjeycnC8dEHDZ95fS.ods", "is_correct": false}}, {"model": "mydidata.discursiveanswer", "pk": 74, "fields": {"answer_text": "", "assignment_file": "uploads/assignments/2018/02/20/Ana_L\u00edvia__Concei\u00e7\u00e3o__22__mudE4cjeycnC8dEHDZ95fS.ods", "is_correct": false}}, {"model": "mydidata.discursiveanswer", "pk": 75, "fields": {"answer_text": "", "assignment_file": "uploads/assignments/2018/02/20/Ana_L\u00edvia__Concei\u00e7\u00e3o__22__UyqEukzP3cAsJ3nGMoc9xm.ods", "is_correct": false}}, {"model": "mydidata.discursiveanswer", "pk": 76, "fields": {"answer_text": "", "assignment_file": "uploads/assignments/2018/02/20/Ana_L\u00edvia__Concei\u00e7\u00e3o__22__UyqEukzP3cAsJ3nGMoc9xm.ods", "is_correct": false}}, {"model": "mydidata.discursiveanswer", "pk": 77, "fields": {"answer_text": "", "assignment_file": "uploads/assignments/2018/02/20/Samara_J\u00falia__Marques_dos_Santos__36__UyqEukzP3cAsJ3nGMoc9xm.ods", "is_correct": false}}, {"model": "mydidata.discursiveanswer", "pk": 78, "fields": {"answer_text": "", "assignment_file": "uploads/assignments/2018/02/20/Samara_J\u00falia__Marques_dos_Santos__36__UyqEukzP3cAsJ3nGMoc9xm.ods", "is_correct": false}}, {"model": "mydidata.discursiveanswer", "pk": 79, "fields": {"answer_text": "", "assignment_file": "uploads/assignments/2018/02/20/Thiago__Souza__43__UyqEukzP3cAsJ3nGMoc9xm.ods", "is_correct": false}}, {"model": "mydidata.discursiveanswer", "pk": 80, "fields": {"answer_text": "", "assignment_file": "uploads/assignments/2018/02/20/Thiago__Souza__43__UyqEukzP3cAsJ3nGMoc9xm.ods", "is_correct": false}}, {"model": "mydidata.discursiveanswer", "pk": 81, "fields": {"answer_text": "", "assignment_file": "uploads/assignments/2018/02/20/Rafaela__Ridolphi__44__mudE4cjeycnC8dEHDZ95fS.ods", "is_correct": false}}, {"model": "mydidata.discursiveanswer", "pk": 82, "fields": {"answer_text": "", "assignment_file": "uploads/assignments/2018/02/20/Rafaela__Ridolphi__44__mudE4cjeycnC8dEHDZ95fS.ods", "is_correct": false}}, {"model": "mydidata.discursiveanswer", "pk": 83, "fields": {"answer_text": "", "assignment_file": "uploads/assignments/2018/02/20/Rafaela__Ridolphi__44__mudE4cjeycnC8dEHDZ95fS.ods", "is_correct": false}}, {"model": "mydidata.discursiveanswer", "pk": 84, "fields": {"answer_text": "", "assignment_file": "uploads/assignments/2018/02/20/Inglid__Viana__26__UyqEukzP3cAsJ3nGMoc9xm.ods", "is_correct": false}}, {"model": "mydidata.discursiveanswer", "pk": 85, "fields": {"answer_text": "", "assignment_file": "uploads/assignments/2018/02/20/Inglid__Viana__26__UyqEukzP3cAsJ3nGMoc9xm.ods", "is_correct": false}}, {"model": "mydidata.discursiveanswer", "pk": 86, "fields": {"answer_text": "", "assignment_file": "uploads/assignments/2018/02/20/Inglid__Viana__26__mudE4cjeycnC8dEHDZ95fS.ods", "is_correct": false}}, {"model": "mydidata.discursiveanswer", "pk": 87, "fields": {"answer_text": "", "assignment_file": "uploads/assignments/2018/02/20/Inglid__Viana__26__mudE4cjeycnC8dEHDZ95fS.ods", "is_correct": false}}, {"model": "mydidata.discursiveanswer", "pk": 88, "fields": {"answer_text": "", "assignment_file": "uploads/assignments/2018/02/20/Rafaela__Ridolphi__44__UyqEukzP3cAsJ3nGMoc9xm.ods", "is_correct": false}}, {"model": "mydidata.discursiveanswer", "pk": 89, "fields": {"answer_text": "", "assignment_file": "uploads/assignments/2018/02/20/Rafaela__Ridolphi__44__UyqEukzP3cAsJ3nGMoc9xm.ods", "is_correct": false}}, {"model": "mydidata.discursiveanswer", "pk": 90, "fields": {"answer_text": "", "assignment_file": "uploads/assignments/2018/02/20/Rafaela__Ridolphi__44__UyqEukzP3cAsJ3nGMoc9xm.ods", "is_correct": false}}, {"model": "mydidata.discursiveanswer", "pk": 91, "fields": {"answer_text": "", "assignment_file": "uploads/assignments/2018/02/20/Thiago__Nunes__1__mudE4cjeycnC8dEHDZ95fS.png", "is_correct": false}}, {"model": "mydidata.multiplechoiceanswer", "pk": 2, "fields": {"choice": 28}}, {"model": "mydidata.answer", "pk": 2, "fields": {"question": 11, "student": 1, "test": null}}, {"model": "mydidata.answer", "pk": 7, "fields": {"question": 12, "student": 1, "test": null}}, {"model": "mydidata.answer", "pk": 9, "fields": {"question": 12, "student": 3, "test": null}}, {"model": "mydidata.answer", "pk": 10, "fields": {"question": 12, "student": 5, "test": null}}, {"model": "mydidata.answer", "pk": 11, "fields": {"question": 8, "student": 16, "test": null}}, {"model": "mydidata.answer", "pk": 12, "fields": {"question": 8, "student": 12, "test": null}}, {"model": "mydidata.answer", "pk": 13, "fields": {"question": 9, "student": 16, "test": null}}, {"model": "mydidata.answer", "pk": 14, "fields": {"question": 9, "student": 12, "test": null}}, {"model": "mydidata.answer", "pk": 15, "fields": {"question": 10, "student": 11, "test": null}}, {"model": "mydidata.answer", "pk": 16, "fields": {"question": 10, "student": 19, "test": null}}, {"model": "mydidata.answer", "pk": 17, "fields": {"question": 8, "student": 11, "test": null}}, {"model": "mydidata.answer", "pk": 18, "fields": {"question": 8, "student": 19, "test": null}}, {"model": "mydidata.answer", "pk": 19, "fields": {"question": 9, "student": 11, "test": null}}, {"model": "mydidata.answer", "pk": 20, "fields": {"question": 9, "student": 19, "test": null}}, {"model": "mydidata.answer", "pk": 21, "fields": {"question": 8, "student": 10, "test": null}}, {"model": "mydidata.answer", "pk": 23, "fields": {"question": 10, "student": 10, "test": null}}, {"model": "mydidata.answer", "pk": 24, "fields": {"question": 10, "student": 16, "test": null}}, {"model": "mydidata.answer", "pk": 25, "fields": {"question": 10, "student": 12, "test": null}}, {"model": "mydidata.answer", "pk": 26, "fields": {"question": 10, "student": 8, "test": null}}, {"model": "mydidata.answer", "pk": 27, "fields": {"question": 8, "student": 8, "test": null}}, {"model": "mydidata.answer", "pk": 28, "fields": {"question": 9, "student": 8, "test": null}}, {"model": "mydidata.answer", "pk": 29, "fields": {"question": 10, "student": 18, "test": null}}, {"model": "mydidata.answer", "pk": 30, "fields": {"question": 10, "student": 13, "test": null}}, {"model": "mydidata.answer", "pk": 31, "fields": {"question": 9, "student": 18, "test": null}}, {"model": "mydidata.answer", "pk": 32, "fields": {"question": 9, "student": 13, "test": null}}, {"model": "mydidata.answer", "pk": 33, "fields": {"question": 8, "student": 18, "test": null}}, {"model": "mydidata.answer", "pk": 34, "fields": {"question": 8, "student": 13, "test": null}}, {"model": "mydidata.answer", "pk": 35, "fields": {"question": 9, "student": 1, "test": null}}, {"model": "mydidata.answer", "pk": 36, "fields": {"question": 8, "student": 1, "test": null}}, {"model": "mydidata.answer", "pk": 37, "fields": {"question": 18, "student": 48, "test": null}}, {"model": "mydidata.answer", "pk": 38, "fields": {"question": 18, "student": 31, "test": null}}, {"model": "mydidata.answer", "pk": 39, "fields": {"question": 18, "student": 28, "test": null}}, {"model": "mydidata.answer", "pk": 40, "fields": {"question": 18, "student": 34, "test": null}}, {"model": "mydidata.answer", "pk": 41, "fields": {"question": 18, "student": 42, "test": null}}, {"model": "mydidata.answer", "pk": 42, "fields": {"question": 18, "student": 38, "test": null}}, {"model": "mydidata.answer", "pk": 43, "fields": {"question": 18, "student": 47, "test": null}}, {"model": "mydidata.answer", "pk": 44, "fields": {"question": 18, "student": 41, "test": null}}, {"model": "mydidata.answer", "pk": 45, "fields": {"question": 18, "student": 49, "test": null}}, {"model": "mydidata.answer", "pk": 46, "fields": {"question": 18, "student": 46, "test": null}}, {"model": "mydidata.answer", "pk": 47, "fields": {"question": 18, "student": 40, "test": null}}, {"model": "mydidata.answer", "pk": 48, "fields": {"question": 18, "student": 25, "test": null}}, {"model": "mydidata.answer", "pk": 49, "fields": {"question": 18, "student": 36, "test": null}}, {"model": "mydidata.answer", "pk": 50, "fields": {"question": 18, "student": 27, "test": null}}, {"model": "mydidata.answer", "pk": 51, "fields": {"question": 18, "student": 45, "test": null}}, {"model": "mydidata.answer", "pk": 52, "fields": {"question": 18, "student": 29, "test": null}}, {"model": "mydidata.answer", "pk": 53, "fields": {"question": 18, "student": 37, "test": null}}, {"model": "mydidata.answer", "pk": 54, "fields": {"question": 18, "student": 43, "test": null}}, {"model": "mydidata.answer", "pk": 55, "fields": {"question": 18, "student": 33, "test": null}}, {"model": "mydidata.answer", "pk": 56, "fields": {"question": 19, "student": 41, "test": null}}, {"model": "mydidata.answer", "pk": 57, "fields": {"question": 19, "student": 40, "test": null}}, {"model": "mydidata.answer", "pk": 58, "fields": {"question": 19, "student": 25, "test": null}}, {"model": "mydidata.answer", "pk": 59, "fields": {"question": 19, "student": 38, "test": null}}, {"model": "mydidata.answer", "pk": 60, "fields": {"question": 19, "student": 47, "test": null}}, {"model": "mydidata.answer", "pk": 61, "fields": {"question": 19, "student": 48, "test": null}}, {"model": "mydidata.answer", "pk": 62, "fields": {"question": 19, "student": 31, "test": null}}, {"model": "mydidata.answer", "pk": 63, "fields": {"question": 19, "student": 49, "test": null}}, {"model": "mydidata.answer", "pk": 64, "fields": {"question": 19, "student": 46, "test": null}}, {"model": "mydidata.answer", "pk": 65, "fields": {"question": 19, "student": 24, "test": null}}, {"model": "mydidata.answer", "pk": 66, "fields": {"question": 19, "student": 35, "test": null}}, {"model": "mydidata.answer", "pk": 67, "fields": {"question": 19, "student": 28, "test": null}}, {"model": "mydidata.answer", "pk": 68, "fields": {"question": 19, "student": 34, "test": null}}, {"model": "mydidata.answer", "pk": 69, "fields": {"question": 19, "student": 42, "test": null}}, {"model": "mydidata.answer", "pk": 70, "fields": {"question": 19, "student": 45, "test": null}}, {"model": "mydidata.answer", "pk": 71, "fields": {"question": 19, "student": 29, "test": null}}, {"model": "mydidata.answer", "pk": 72, "fields": {"question": 19, "student": 37, "test": null}}, {"model": "mydidata.answer", "pk": 73, "fields": {"question": 18, "student": 22, "test": null}}, {"model": "mydidata.answer", "pk": 74, "fields": {"question": 18, "student": 32, "test": null}}, {"model": "mydidata.answer", "pk": 75, "fields": {"question": 19, "student": 22, "test": null}}, {"model": "mydidata.answer", "pk": 76, "fields": {"question": 19, "student": 32, "test": null}}, {"model": "mydidata.answer", "pk": 77, "fields": {"question": 19, "student": 36, "test": null}}, {"model": "mydidata.answer", "pk": 78, "fields": {"question": 19, "student": 27, "test": null}}, {"model": "mydidata.answer", "pk": 79, "fields": {"question": 19, "student": 43, "test": null}}, {"model": "mydidata.answer", "pk": 80, "fields": {"question": 19, "student": 33, "test": null}}, {"model": "mydidata.answer", "pk": 81, "fields": {"question": 18, "student": 44, "test": null}}, {"model": "mydidata.answer", "pk": 82, "fields": {"question": 18, "student": 50, "test": null}}, {"model": "mydidata.answer", "pk": 83, "fields": {"question": 18, "student": 51, "test": null}}, {"model": "mydidata.answer", "pk": 84, "fields": {"question": 19, "student": 26, "test": null}}, {"model": "mydidata.answer", "pk": 85, "fields": {"question": 19, "student": 39, "test": null}}, {"model": "mydidata.answer", "pk": 86, "fields": {"question": 18, "student": 26, "test": null}}, {"model": "mydidata.answer", "pk": 87, "fields": {"question": 18, "student": 39, "test": null}}, {"model": "mydidata.answer", "pk": 88, "fields": {"question": 19, "student": 44, "test": null}}, {"model": "mydidata.answer", "pk": 89, "fields": {"question": 19, "student": 50, "test": null}}, {"model": "mydidata.answer", "pk": 90, "fields": {"question": 19, "student": 51, "test": null}}, {"model": "mydidata.answer", "pk": 91, "fields": {"question": 18, "student": 1, "test": null}}, {"model": "mydidata.test", "pk": 1, "fields": {"uuid": "Z3vRMCHpRGF9JSDq8aYGTZ", "student": 10, "topic": 5, "difficulty_level": 1, "questions": []}}, {"model": "mydidata.test", "pk": 2, "fields": {"uuid": "riQ5NiBnAnJYmSsxib3asX", "student": 48, "topic": 9, "difficulty_level": 1, "questions": []}}, {"model": "mydidata.test", "pk": 3, "fields": {"uuid": "LDBga5NjVhBvpS5VXCXCPm", "student": 45, "topic": 9, "difficulty_level": 1, "questions": []}}, {"model": "mydidata.topic", "pk": 1, "fields": {"uuid": "3jMjARYst3AKycmJuKAMpL", "topic_title": "Topic 1", "topic_content": "<p>Topic 1 content</p>", "order": 1, "owner": 1, "discipline": null}}, {"model": "mydidata.topic", "pk": 2, "fields": {"uuid": "XmDF75SFgGCT7fWoQbiHLg", "topic_title": "Panorama da Computa\u00e7\u00e3o", "topic_content": "<p>Programas de computador s&atilde;o conjuntos de instru&ccedil;&otilde;es logicamente estruturadas para atingir a solu&ccedil;&atilde;o de um problema computacional. Num sistema computacional, os programas tamb&eacute;m s&atilde;o chamados de <em><a href=\"https://pt.wikipedia.org/wiki/Software\">Software</a></em>&nbsp;e s&atilde;o executados por um conjunto de dispositivos eletr&ocirc;nicos e eletromec&acirc;nicos, classificados como&nbsp;<em><a href=\"https://pt.wikipedia.org/wiki/Hardware\">Hardware</a></em>.</p>\r\n\r\n<p>Atualmente, programas de computador est&atilde;o presentes de forma praticamente&nbsp;<a href=\"https://pt.wikipedia.org/wiki/Computa%C3%A7%C3%A3o_ub%C3%ADqua\">ub&iacute;qua</a> em nosso dia-a-dia, permeando desde atividades da nossa jornada de trabalho at&eacute; atividades relacionadas a forma&ccedil;&atilde;o acad&ecirc;mica e lazer. &Eacute; inimagin&aacute;vel uma carreira profissional sem o uso massivo de tecnologias da informa&ccedil;&atilde;o. A ideia de Engelbart [ref] de utilizar dispositivos computacionais como pr&oacute;teses mentais que nos ajudam a buscar, armazenar, organizar&nbsp;e processar enormes quantidades de informa&ccedil;&otilde;es tem se intensificado cada vez mais.</p>\r\n\r\n<p>O tempo em que o dom&iacute;nio das t&eacute;cnicas de programa&ccedil;&atilde;o de computadores era reservado somente a profissionais com forma&ccedil;&atilde;o em Ci&ecirc;ncias da Computa&ccedil;&atilde;o est&aacute; chegando ao fim. Os profissionais mais diversos, como Engenheiros, Bi&oacute;logos, M&eacute;dicos e Farmac&ecirc;uticos t&ecirc;m utilizado t&eacute;cnicas de programa&ccedil;&atilde;o para constru&iacute;rem&nbsp;programas que processam&nbsp;enormes quantidades de dados para apoiar auxiliar na tomada de decis&otilde;es vitais em seus projetos.</p>\r\n\r\n<p>Desse modo, an&aacute;lises que poderia demorar meses, anos, ou at&eacute; d&eacute;cadas, tem sido realizadas em poucas horas por programas, gerando economias incalcul&aacute;veis de tempo esfor&ccedil;o em praticamente todas as &aacute;reas do conhecimento humano.&nbsp;Por exemplo, previs&otilde;es clim&aacute;ticas, elabora&ccedil;&atilde;o de medicamentos atrav&eacute;s de acoplamento molecular e&nbsp;mapeamentos de gen&eacute;ticos utilizados tanto para aprimorar o cultivo de vegetais como para rastrear poss&iacute;veis causas de doen&ccedil;as, s&atilde;o alguns exemplos de tarefas impens&aacute;veis sem o aux&iacute;lio de programas de computador.</p>\r\n\r\n<p>Somados aos usos j&aacute; conhecidos, atualmente os sistemas computacionais t&ecirc;m passado por profundos aprimoramentos em dire&ccedil;&atilde;o a aquisi&ccedil;&atilde;o de intelig&ecirc;ncia que em alguns aspectos at&eacute; suplantam a humana. A uni&atilde;o da massiva publica&ccedil;&atilde;o de informa&ccedil;&otilde;es estruturadas e n&atilde;o-estruturadas na Web com o aumento exponencial do poder de computa&ccedil;&atilde;o, principalmente promovidos por t&eacute;cnicas de computa&ccedil;&atilde;o em nuvem, tem alavancado a ado&ccedil;&atilde;o de t&eacute;cnicas de Aprendizado de M&aacute;quina com o objetivo de gerar softwares cada cez mais inteligentes que vem substitu&iacute;do seres-humanos em tarefas que demandam an&aacute;lise e reconhecimento de padr&otilde;es. Portanto, estamos passando por um novo ciclo de revolu&ccedil;&atilde;o industrial, dessa vez encabe&ccedil;ado por rob&ocirc;s inteligentes.</p>", "order": 1, "owner": 1, "discipline": 1}}, {"model": "mydidata.topic", "pk": 3, "fields": {"uuid": "7BopAsFjTXMBxuQ2QPsJVH", "topic_title": "Ambientes de Desenvolvimento e a Linguagem C", "topic_content": "<p>Programas de computador s&atilde;o criados como seten&ccedil;as em uma linguagem que pode ser compreendida por m&aacute;quinas. Desse modo, todas instru&ccedil;&otilde;es do programa devem ser corretamente escritas, seguindo as regras pr&eacute;-estabelecidas pela linguagem de programa&ccedil;&atilde;o. Atualmente existem centenas de linguagens de programa&ccedil;&atilde;o desenvolvidas para fins de uso geral e espec&iacute;ficos. A escolha de uma linguagem deve depender dos requisitos dos problemas que devem ser resolvidos. Podemos classificar linguagens de programa&ccedil;&atilde;o como interpretadas e compiladas.</p>\r\n\r\n<h2>C&oacute;digo Fonte</h2>\r\n\r\n<p>&nbsp;</p>\r\n\r\n<h2>C&oacute;digo Objeto</h2>\r\n\r\n<p>&nbsp;</p>\r\n\r\n<h2>Compiladas</h2>\r\n\r\n<p>&nbsp;</p>\r\n\r\n<h2>Interpretadas</h2>\r\n\r\n<p>&nbsp;</p>", "order": 2, "owner": 1, "discipline": 1}}, {"model": "mydidata.topic", "pk": 4, "fields": {"uuid": "Eedj37uHWGGHPoBpFqxFn6", "topic_title": "Meu Primeiro Programa", "topic_content": "<ol>\r\n\t<li>&nbsp;Abra o Dev C++</li>\r\n\t<li>Crie um novo arquivo</li>\r\n\t<li>Digite o c&oacute;digo abaixo</li>\r\n</ol>\r\n\r\n<pre>\r\n<code class=\"language-cpp\">#include &lt;stdio.h&gt;\r\n\r\nint main()\r\n{\r\n    printf(\"Meu primeiro programa em C!\");\r\n    return 0;\r\n\r\n}</code></pre>\r\n\r\n<ol start=\"4\">\r\n\t<li>Salve o programa com o nome &quot;meu_primeiro_programa&quot;</li>\r\n\t<li>Aperte a tecla F11 para compilar e executar</li>\r\n\t<li>Abra a pasta aonde voc&ecirc; salvou o programa e verifique que h&aacute; dois arquivos: um arquivo &quot;meu_primeiro_programa.c&quot; e outro arquivo &quot;meu_primeiro_programa.exe&quot;. O primeiro &eacute; o arquivo que cont&eacute;m o c&oacute;digo fonte em linguagem C. O arquivo .exe &eacute; um programa execut&aacute;vel gerado pela compila&ccedil;&atilde;o do c&oacute;digo fonte. Este &eacute; o programa que &eacute; executado pelo computador!</li>\r\n</ol>\r\n\r\n<p>&nbsp;</p>", "order": 3, "owner": 1, "discipline": 1}}, {"model": "mydidata.topic", "pk": 5, "fields": {"uuid": "pC7DTRoB5zWwoDCNKTf6Zd", "topic_title": "Vetores 1", "topic_content": "<h2 style=\"text-align:justify\">Introdu&ccedil;&atilde;o</h2>\r\n\r\n<p style=\"text-align:justify\">Vetores s&atilde;o estruturas de dados que armazenam em mem&oacute;ria um conjunto de valores do mesmo tipo, como uma lista de temperaturas ao longo de um per&iacute;odo, valores de tens&atilde;o observados em setores de uma rede de fornecimento de energia ou uma lista de nomes de estados brasileiros.&nbsp;Como os dados armazenados em um vetor s&atilde;o do mesmo tipo, um vetor tamb&eacute;m &eacute; chamado de uma estrutura de dados&nbsp;<em><a href=\"https://www.dicio.com.br/homogeneo/\">homog&ecirc;nea</a>.</em></p>\r\n\r\n<p style=\"text-align:justify\"><strong>Exemplo 1: vetor de Temperaturas ao longo de 5 dias</strong></p>\r\n\r\n<table border=\"1\" cellpadding=\"1\" cellspacing=\"1\" style=\"width:500px\">\r\n\t<tbody>\r\n\t\t<tr>\r\n\t\t\t<td style=\"text-align:justify\">35.0</td>\r\n\t\t\t<td style=\"text-align:justify\">32.5</td>\r\n\t\t\t<td style=\"text-align:justify\">15.3</td>\r\n\t\t\t<td style=\"text-align:justify\">20.2</td>\r\n\t\t\t<td style=\"text-align:justify\">31.5</td>\r\n\t\t</tr>\r\n\t</tbody>\r\n</table>\r\n\r\n<p style=\"text-align:justify\">&nbsp; &nbsp; &nbsp; &nbsp; &nbsp; &nbsp;0&nbsp; &nbsp; &nbsp; &nbsp; &nbsp; &nbsp; &nbsp; &nbsp; &nbsp; &nbsp; &nbsp; &nbsp; &nbsp; 1&nbsp; &nbsp; &nbsp; &nbsp; &nbsp; &nbsp; &nbsp; &nbsp; &nbsp; &nbsp; &nbsp; &nbsp; &nbsp;2&nbsp; &nbsp; &nbsp; &nbsp; &nbsp; &nbsp; &nbsp; &nbsp; &nbsp; &nbsp; &nbsp; &nbsp; &nbsp; &nbsp;3&nbsp; &nbsp; &nbsp; &nbsp; &nbsp; &nbsp; &nbsp; &nbsp; &nbsp; &nbsp; &nbsp; &nbsp; &nbsp; 4</p>\r\n\r\n<p style=\"text-align:justify\">Repare no exemplo acima que cada posi&ccedil;&atilde;o do vetor que armazena uma temperatura possui um &iacute;ndice associado, variando de 0 &agrave; 4 (5 posi&ccedil;&otilde;es). Os &iacute;ndices s&atilde;o fundamentais para acessar as posi&ccedil;&otilde;es de um vetor em mem&oacute;ria.</p>\r\n\r\n<h2 style=\"text-align:justify\">Tutorial</h2>\r\n\r\n<p>Abra o ambiente Dev C++ (ou o ambiente de sua escolha) e digite o c&oacute;digo abaixo:</p>\r\n\r\n<pre>\r\n<code class=\"language-cpp\">#include &lt;stdio.h&gt;\r\nint main()\r\n{\r\n    return 0;\r\n}</code></pre>\r\n\r\n<p>Declare uma vari&aacute;vel do tipo vetor de valores de&nbsp;<a href=\"https://pt.wikipedia.org/wiki/V%C3%ADrgula_flutuante\">ponto flutuante</a> (float) que armazenar&aacute; um conjunto de temperaturas ao longo de uma semana. O c&oacute;digo ficar&aacute; assim:</p>\r\n\r\n<pre>\r\n<code class=\"language-cpp\">#include &lt;stdio.h&gt;\r\nint main()\r\n{\r\n    float lista_temperaturas[7];\r\n    return 0;\r\n}</code></pre>\r\n\r\n<p>Podemos inicializar a vari&aacute;vel vetor&nbsp;<em>lista_temperaturas&nbsp;</em>&nbsp;com um conjunto inicial de valores da seguinte forma:</p>\r\n\r\n<pre>\r\n<code class=\"language-cpp\">#include &lt;stdio.h&gt;\r\nint main()\r\n{\r\n    float lista_temperaturas[7]={35.0, 32.5, 15.3, 20.2, 31.5, 40.0, 27.2};\r\n    return 0;\r\n}</code></pre>\r\n\r\n<p>Dessa forma, a vari&aacute;vel <em>lista_temperaturas</em> possui o seguinte formato:</p>\r\n\r\n<p><strong>lista_temperaturas =&nbsp;</strong></p>\r\n\r\n<table border=\"1\" cellpadding=\"1\" cellspacing=\"1\" style=\"width:500px\">\r\n\t<tbody>\r\n\t\t<tr>\r\n\t\t\t<td>35.0</td>\r\n\t\t\t<td>32.5</td>\r\n\t\t\t<td>15.3</td>\r\n\t\t\t<td>20.2</td>\r\n\t\t\t<td>31.5</td>\r\n\t\t\t<td>40.0</td>\r\n\t\t\t<td>27.2</td>\r\n\t\t</tr>\r\n\t</tbody>\r\n</table>\r\n\r\n<p>&nbsp; &nbsp; &nbsp; &nbsp;0&nbsp; &nbsp; &nbsp; &nbsp; &nbsp; &nbsp; &nbsp; &nbsp; &nbsp; 1&nbsp; &nbsp; &nbsp; &nbsp; &nbsp; &nbsp; &nbsp; &nbsp; &nbsp;2&nbsp; &nbsp; &nbsp; &nbsp; &nbsp; &nbsp; &nbsp; &nbsp; &nbsp; 3&nbsp; &nbsp; &nbsp; &nbsp; &nbsp; &nbsp; &nbsp; &nbsp; &nbsp; 4&nbsp; &nbsp; &nbsp; &nbsp; &nbsp; &nbsp; &nbsp; &nbsp; &nbsp; 5&nbsp; &nbsp; &nbsp; &nbsp; &nbsp; &nbsp; &nbsp; &nbsp; &nbsp; 6</p>\r\n\r\n<h3>Acessando Posi&ccedil;&otilde;es em um Vetor</h3>\r\n\r\n<p>O vetor lista temperaturas possui 7 posi&ccedil;&otilde;es, indexadas de <strong>0 &agrave; 6</strong>. Podemos acessar as posi&ccedil;&otilde;es atrav&eacute;s dos &iacute;ndices. Altere o seu programa e escreva o seguinte c&oacute;digo. Ap&oacute;s isso execute e veja o resultado:</p>\r\n\r\n<pre>\r\n<code class=\"language-cpp\">#include &lt;stdio.h&gt;\r\nint main()\r\n{\r\n    float lista_temperaturas[7]={35.0, 32.5, 15.3, 20.2, 31.5, 40.0, 27.2};\r\n    float t1, t5;\r\n    t1 = lista_temperaturas[0];\r\n    t5 = lista_temperaturas[4];\r\n    printf(\"As temperaturas dos dias 1 e 5 s\u00e3o respectivamente %.2f e %.2f.\\n\", t1, t5);\r\n    return 0;\r\n}</code></pre>\r\n\r\n<p>No c&oacute;digo acima, criamos duas vari&aacute;veis do tipo <em>float: t1&nbsp;</em>e&nbsp;<em>t5</em>. Em seguida, atribu&iacute;mos os valores da posi&ccedil;&atilde;o de &iacute;ndice&nbsp;<strong>0 </strong>do vetor <em>lista_temperaturas&nbsp;</em>&agrave; vari&aacute;vel <em>t1. </em>Na linha seguinte, atribu&iacute;mos o valor da posi&ccedil;&atilde;o de &iacute;ndice 4&nbsp;&nbsp;&agrave; vari&aacute;vel <em>t5. </em>Nesse caso, o valor de <em>t1 </em>&eacute; 35.0<strong>&nbsp;(</strong><em>lista_temperaturas[0]</em> <strong>)&nbsp;</strong>e o valor de <em>t5</em>&nbsp;&eacute; 31.5 (<em>lista_temperaturas[4]</em> ).</p>\r\n\r\n<p><span style=\"font-size:14px\"><span style=\"color:#c0392b\"><strong>Aten&ccedil;&atilde;o!</strong></span></span></p>\r\n\r\n<div style=\"background:#eeeeee; border:1px solid #cccccc; padding:5px 10px; text-align:justify\">Um erro cl&aacute;ssico ao trabalhar com vetores &eacute; utilizar os &iacute;ndices iniciando de <strong>1 </strong>at&eacute; o valor total<strong> 7</strong> nesse caso. Lembre-se de que, em linguagem C, vetores s&atilde;o indexados sempre a partir do &iacute;ndice <strong>0. </strong>Portanto, o vetor <em>lista_temperaturas </em>de<em> </em><strong>7 posi&ccedil;&otilde;es</strong><em>&nbsp;</em>&eacute; indexado por n&uacute;meros de <strong>0 &agrave; 6.</strong></div>\r\n\r\n<h3>Alterando Posi&ccedil;&otilde;es em um Vetor</h3>\r\n\r\n<p>Os &iacute;ndices dos vetores tamb&eacute;m podem ser utilizados para alterar valores em posi&ccedil;&otilde;es espec&iacute;ficas. Altere o c&oacute;digo e adicione os comandos abaixo. Ap&oacute;s isso, execute o c&oacute;digo:</p>\r\n\r\n<pre>\r\n<code class=\"language-cpp\">#include &lt;stdio.h&gt;\r\nint main()\r\n{\r\n    float lista_temperaturas[7]={35.0, 32.5, 15.3, 20.2, 31.5, 40.0, 27.2};\r\n    float t1, t5;\r\n    t1 = lista_temperaturas[0];\r\n    t5 = lista_temperaturas[4];\r\n\r\n    printf(\"As temperaturas dos dias 1 e 5 s\u00e3o respectivamente %.2f e %.2f.\\n\", t1, t5);\r\n    \r\n    lista_temperaturas[0] = 27.8; //alterando a temperatura do 1\u00ba dia para 27.8\r\n    lista_temperaturas[4] = 22.3; //alterando a temperatura do 5\u00ba dia para 22.3\r\n\r\n    t1 = lista_temperaturas[0];\r\n    t5 = lista_temperaturas[4];\r\n\r\n    printf(\"As novas temperaturas dos dias 1 e 5 s\u00e3o respectivamente %.2f e %.2f.\\n\", t1, t5);\r\n    return 0;\r\n}</code></pre>\r\n\r\n<p>Ao combinar o acesso a uma posi&ccedil;&atilde;o do vetor com s&iacute;mbolo de atribui&ccedil;&atilde;o &quot;=&quot;, podemos sobrescrever o valor de uma posi&ccedil;&atilde;o no vetor.</p>", "order": 3, "owner": 1, "discipline": 1}}, {"model": "mydidata.topic", "pk": 6, "fields": {"uuid": "xnuwSZk9j5zmigdUUrXfkc", "topic_title": "Redes Cliente-Servidor", "topic_content": "<p>redes cliente servidor</p>", "order": 1, "owner": 1, "discipline": 2}}, {"model": "mydidata.topic", "pk": 7, "fields": {"uuid": "jMdF3KrKFbDQw2gU6VuLNf", "topic_title": "Vetores 2", "topic_content": "<h1>Imprimindo Vetores</h1>\r\n\r\n<p>Uma tarefa comum ao lidar com vetores &eacute; imprimir o seu conte&uacute;do na tela. Voc&ecirc; pode fazer isso imprimindo&nbsp;posi&ccedil;&atilde;o-a-posi&ccedil;&atilde;o.</p>\r\n\r\n<pre>\r\n<code class=\"language-cpp\">#include &lt;stdio.h&gt;\r\nint main()\r\n{\r\n    float lista_temperaturas[7]={35.0, 32.5, 15.3, 20.2, 31.5, 40.0, 27.2};\r\n\r\n    printf(\"Dia 1: %.2f\\n\", lista_temperaturas[0]);\r\n    printf(\"Dia 2: %.2f\\n\", lista_temperaturas[1]);\r\n    printf(\"Dia 3: %.2f\\n\", lista_temperaturas[2]);\r\n    printf(\"Dia 4: %.2f\\n\", lista_temperaturas[3]);\r\n    printf(\"Dia 5: %.2f\\n\", lista_temperaturas[4]);\r\n    printf(\"Dia 6: %.2f\\n\", lista_temperaturas[5]);\r\n    printf(\"Dia 7: %.2f\\n\", lista_temperaturas[6]);\r\n    return 0;\r\n}</code></pre>\r\n\r\n<p>Essa estrat&eacute;gia, por&eacute;m, n&atilde;o &eacute; adequada, imagine um vetor de 300.000 posi&ccedil;&otilde;es! Para isso, utilize uma estrutura de repeti&ccedil;&atilde;o para&nbsp;percorrer o vetor da primeira at&eacute; a &uacute;ltima posi&ccedil;&atilde;o e imprimir cada posi&ccedil;&atilde;o. Vamos alterar o programa acima para utilizar a estrutura <strong>For.</strong></p>\r\n\r\n<pre>\r\n<code class=\"language-cpp\">#include &lt;stdio.h&gt;\r\nint main()\r\n{\r\n    float lista_temperaturas[7]={35.0, 32.5, 15.3, 20.2, 31.5, 40.0, 27.2};\r\n    int index;\r\n\r\n    for(index=0; index&lt;7; index++)\r\n    {\r\n         printf(\"Dia %i: %.2f\\n\", index + 1, lista_temperaturas[index]);\r\n    }\r\n    return 0;\r\n}</code></pre>\r\n\r\n<p>No c&oacute;digo acima, criamos uma vari&aacute;vel chamada <strong>index</strong>&nbsp;que vai fazer a contagem de 0 &agrave; 6 e utilizamos a estrutura de repeti&ccedil;&atilde;o <strong>For </strong>para imprimir cada posi&ccedil;&atilde;o do vetor lista_temperaturas. Repare que ao inv&eacute;s de utilizar valores fixos para acessar as posi&ccedil;&otilde;es do vetor, utilizamos a vari&aacute;vel <strong>index </strong>(lista_temperaturas[index])<strong>. </strong>Dessa forma, como a vari&aacute;vel <strong>index&nbsp;</strong>inicia com valor 0 e &eacute; incrementada at&eacute; 6 (index &lt; 6), todas as posi&ccedil;&otilde;es ser&atilde;o impressas na tela. Tamb&eacute;m, utilizamos a pr&oacute;pria vari&aacute;vel <strong>index </strong>para apresentar o dia da semana referente a temperatura,&nbsp;no comando <em>printf</em>&nbsp;.&nbsp;</p>\r\n\r\n<h1>Leitura de Vetores</h1>\r\n\r\n<p>At&eacute; esse ponto, voc&ecirc; utilizou valores fixos pr&eacute;-definidos para preencher o vetor <strong>lista_temperaturas</strong>&nbsp;no momento da sua declara&ccedil;&atilde;o. Por&eacute;m, em aplica&ccedil;&otilde;es reais, os vetores s&atilde;o criados vazios e&nbsp;devem ser preenchidos a partir de dados provenientes de um arquivo ou a partir de valores digitados pelo usu&aacute;rio do seu programa. Altere o programa&nbsp;para pedir as temperaturas aos usu&aacute;rios do programa:</p>\r\n\r\n<pre>\r\n<code class=\"language-cpp\">#include &lt;stdio.h&gt;\r\nint main()\r\n{\r\n    float lista_temperaturas[7]; //remova os dados inicializa\u00e7\u00e3o\r\n    int index;\r\n    \r\n    printf(\"Digite a temperatura do dia 1: \");\r\n    scanf(\"%f\", &amp;lista_temperaturas[0]);\r\n    printf(\"\\nDigite a temperatura do dia 2: \");\r\n    scanf(\"%f\", &amp;lista_temperaturas[1]);\r\n    printf(\"\\nDigite a temperatura do dia 3: \");\r\n    scanf(\"%f\", &amp;lista_temperaturas[2]);\r\n    printf(\"\\nDigite a temperatura do dia 4: \");\r\n    scanf(\"%f\", &amp;lista_temperaturas[3]);\r\n    printf(\"\\nDigite a temperatura do dia 5: \");\r\n    scanf(\"%f\", &amp;lista_temperaturas[4]);\r\n    printf(\"\\nDigite a temperatura do dia 6: \");\r\n    scanf(\"%f\", &amp;lista_temperaturas[5]);\r\n    printf(\"\\nDigite a temperatura do dia 7: \");\r\n    scanf(\"%f\", &amp;lista_temperaturas[6]);\r\n    \r\n    printf(\"-----------TEMPERATURAS REGISTRADAS-------------\\n\\n\");\r\n    \r\n    for(index=0; index&lt;7; index++)\r\n    {\r\n        printf(\"Dia %i: %.2f\\n\", index + 1, lista_temperaturas[index]);\r\n    }\r\n    return 0;\r\n}</code></pre>\r\n\r\n<p>No programa acima, solicitamos ao usu&aacute;rio a temperatura referente a um dia da semana&nbsp;usando o <strong>printf</strong>&nbsp;e, em seguida, fazemos a leitura da temperatura digitada pelo usu&aacute;rio com o comando <strong>scanf</strong>. Armazenando-a na sua respectiva posi&ccedil;&atilde;o no vetor. Desse modo, a temperatura do primeiro dia foi armazenada na posi&ccedil;&atilde;o 0 (zero) do vetor, a do segundo dia na posi&ccedil;&atilde;o 1, at&eacute; a &uacute;ltima posi&ccedil;&atilde;o.</p>\r\n\r\n<p>Repare na sintaxe dos comandos&nbsp;<strong>scanf </strong>acima<strong>. </strong>Utilizamos o caractere de controle &quot;%f&quot;, indicando o tipo float, e informamos a posi&ccedil;&atilde;o do vetor para armazenar cada informa&ccedil;&atilde;o: &amp;lista_temperaturas[0],&nbsp;&amp;lista_temperaturas[1], ...,&nbsp;&amp;lista_temperaturas[6].</p>\r\n\r\n<p>Do mesmo modo que fizemos para a sa&iacute;da de dados de um vetor, devemos tamb&eacute;m utilizar uma estrutura de repeti&ccedil;&atilde;o para fazer a sua leitura. Altere o programa acima para substituir a leitura de cada posi&ccedil;&atilde;o individual por uma estrutura de repeti&ccedil;&atilde;o:</p>\r\n\r\n<pre>\r\n<code class=\"language-cpp\">#include &lt;stdio.h&gt;\r\nint main()\r\n{\r\n    float lista_temperaturas[7]; //remova os dados inicializa\u00e7\u00e3o\r\n    int index;\r\n    \r\n    for(index=0; index&lt;7; index++)\r\n    {\r\n        printf(\"\\nDigite a temperatura do dia %i: \", index + 1);\r\n        scanf(\"%f\", &amp;lista_temperaturas[index]);\r\n    }\r\n    \r\n    printf(\"-----------TEMPERATURAS REGISTRADAS-------------\\n\\n\");\r\n    \r\n    for(index=0; index&lt;7; index++)\r\n    {\r\n        printf(\"Dia %i: %.2f\\n\", index + 1, lista_temperaturas[index]);\r\n    }\r\n    return 0;\r\n}</code></pre>\r\n\r\n<p>Nesse ponto, temos duas estruturas de repeti&ccedil;&atilde;o <strong>f</strong><strong>or, </strong>uma para entrada e outra para sa&iacute;da<strong>. </strong>A primeira controla a entrada de 7 temperaturas&nbsp;no vetor <strong>lista_temperaturas </strong>&nbsp;e a segunda&nbsp;controla a impress&atilde;o das informa&ccedil;&otilde;es armazenadas no vetor.</p>\r\n\r\n<h1>Lendo Vetores de Arquivos</h1>\r\n\r\n<p>As informa&ccedil;&otilde;es da entrada de dados de um programa n&atilde;o necessariamente s&atilde;o digitadas uma-a-uma pelo usu&aacute;rio. Uma forma muito comum de fornecer dados como entrada de um programa &eacute; obt&ecirc;-los de um arquivo gravado em um dispositivo de armazenamento permanente do computador, como um disco r&iacute;gido, um pen-drive, ou uma m&iacute;dia &oacute;ptica (CDs, DVDs, BlueRays). Vamos alterar o programa acima para ler as temperaturas de um arquivo texto.</p>\r\n\r\n<ol>\r\n\t<li>Abra o bloco de notas e adicione as temperaturas abaixo, uma por linha:</li>\r\n</ol>\r\n\r\n<p>20.50</p>\r\n\r\n<p>24.30</p>\r\n\r\n<p>34.25</p>\r\n\r\n<p>15.70</p>\r\n\r\n<p>19.20</p>\r\n\r\n<p>21.45</p>\r\n\r\n<p>42.70</p>\r\n\r\n<ol start=\"2\">\r\n\t<li>Salve o arquivo <strong>na mesma pasta do seu programa</strong>&nbsp;com o nome <strong>&quot;temperaturas.txt&quot;;</strong></li>\r\n</ol>\r\n\r\n<p>Vamos inserir um novo tipo de vari&aacute;vel chamado <strong>PONTEIRO</strong>.&nbsp;Essa vari&aacute;vel armazenar&aacute; uma refer&ecirc;ncia para um arquivo no disco. No nosso caso o arquivo &eacute; o temperaturas.txt.</p>\r\n\r\n<pre>\r\n<code class=\"language-cpp\">#include &lt;stdio.h&gt;\r\nint main()\r\n{\r\n    FILE *arquivo; //vari\u00e1vel ponteiro para um arquivo (FILE)\r\n    float lista_temperaturas[7];\r\n    int index;\r\n    \r\n    for(index=0; index&lt;7; index++)\r\n    {\r\n        printf(\"\\nDigite a temperatura do dia %i: \", index + 1);\r\n        scanf(\"%f\", &amp;lista_temperaturas[index]);\r\n    }\r\n    \r\n    printf(\"-----------TEMPERATURAS REGISTRADAS-------------\\n\\n\");\r\n    \r\n    for(index=0; index&lt;7; index++)\r\n    {\r\n        printf(\"Dia %i: %.2f\\n\", index + 1, lista_temperaturas[index]);\r\n    }\r\n    return 0;\r\n}</code></pre>\r\n\r\n<p>A grosso modo, o&nbsp;tipo <strong>FILE</strong> &eacute; um tipo especial para arquivos. Agora, precisamos &quot;abrir&quot; o arquivo temperaturas.txt em disco para que possamos fazer a leitura das temperaturas que ele armazena. Utilize a fun&ccedil;&atilde;o <strong>fopen&nbsp;</strong>da biblioteca <strong>stdio.h</strong>&nbsp;para isso:</p>\r\n\r\n<pre>\r\n<code class=\"language-cpp\">#include &lt;stdio.h&gt;\r\nint main()\r\n{\r\n    FILE *arquivo; //vari\u00e1vel ponteiro para um arquivo (FILE)\r\n    float lista_temperaturas[7];\r\n    int index;\r\n\r\n    arquivo = fopen(\"temperaturas.txt\", \"r\"); //abre o arquivo em modo de leitura\r\n\r\n    for(index=0; index&lt;7; index++)\r\n    {\r\n        printf(\"\\nDigite a temperatura do dia %i: \", index + 1);\r\n        scanf(\"%f\", &amp;lista_temperaturas[index]);\r\n    }\r\n    \r\n    printf(\"-----------TEMPERATURAS REGISTRADAS-------------\\n\\n\");\r\n    \r\n    for(index=0; index&lt;7; index++)\r\n    {\r\n        printf(\"Dia %i: %.2f\\n\", index + 1, lista_temperaturas[index]);\r\n    }\r\n    fclose(arquivo);\r\n    return 0;\r\n}</code></pre>\r\n\r\n<p>A fun&ccedil;&atilde;o <strong>fopen(nomeArquivo, modoAcesso) </strong>recebe dois par&acirc;metros, o caminho para um arquivo em disco e o modo de acesso desejado, que pode ser leitura, escrita ou altera&ccedil;&atilde;o. Nesse caso, a&nbsp;instru&ccedil;&atilde;o <strong><em>arquivo = fopen(&quot;temperaturas&quot;.txt, &quot;r&quot;);&nbsp;</em></strong>abre o arquivo de nome temperaturas.txt em modo de leitura, indicado pelo par&acirc;metro &quot;r&quot;. A refer&ecirc;ncia para o arquivo aberto &eacute; guardada na vari&aacute;vel <strong>arquivo.&nbsp;</strong>Como o arquivo temperaturas.txt&nbsp;encontra-se na mesma pasta do programa execut&aacute;vel, apenas o seu nome &eacute; suficiente para que a fun&ccedil;&atilde;o <strong>fopen&nbsp;</strong>o encontre. Todo arquivo aberto precisa ser fechado ao final do programa. Fazemos isso na pen&uacute;ltima linha com a fun&ccedil;&atilde;o <strong>fclose.</strong></p>\r\n\r\n<p>Uma vez que um ponteiro para o arquivo aberto j&aacute; se encontra na vari&aacute;vel <strong>arquivo,&nbsp;</strong>podemos fazer a leitura do seu conte&uacute;do. Para isso, vamos utilizar uma fun&ccedil;&atilde;o especial chamada <strong>fscanf(ponteiroArquivo, caractereControle, referenciaVariavel)&nbsp;</strong>da biblioteca <strong>stdio.h. </strong>Substitua os comandos <strong>printf</strong> e <strong>scanf&nbsp;</strong>da entrada de dados pelo <strong>fscanf</strong>&nbsp;de acordo com o c&oacute;digo abaixo:</p>\r\n\r\n<pre>\r\n<code class=\"language-cpp\">#include &lt;stdio.h&gt;\r\nint main()\r\n{\r\n    FILE *arquivo; //vari\u00e1vel ponteiro para um arquivo (FILE)\r\n    float lista_temperaturas[7];\r\n    int index;\r\n\r\n    arquivo = fopen(\"temperaturas.txt\", \"r\"); //abre o arquivo em modo de leitura\r\n\r\n    for(index=0; index&lt;7; index++)\r\n    {         \r\n         fscanf(arquivo, \"%f\", &amp;lista_temperaturas[index]);\r\n    }\r\n    \r\n    printf(\"-----------TEMPERATURAS REGISTRADAS-------------\\n\\n\");\r\n    \r\n    for(index=0; index&lt;7; index++)\r\n    {\r\n        printf(\"Dia %i: %.2f\\n\", index + 1, lista_temperaturas[index]);\r\n    }\r\n    fclose(arquivo);\r\n    return 0;\r\n}</code></pre>\r\n\r\n<p>A fun&ccedil;&atilde;o <strong>fscanf&nbsp;</strong>recebe tr&ecirc;s par&acirc;metros: a refer&ecirc;ncia para o arquivo aberto (vari&aacute;vel <strong>arquivo</strong>), o caractere que indica o tipo da informa&ccedil;&atilde;o que ser&aacute; lida do arquivo (&quot;%f&quot; indicando float) e a refer&ecirc;ncia para a vari&aacute;vel que armazenar&aacute; a informa&ccedil;&atilde;o proveniente do arquivo (&amp;lista_temperaturas[index]). Repare tamb&eacute;m que as chamadas a fun&ccedil;&atilde;o&nbsp;<strong>fscanf&nbsp;</strong>s&atilde;o governadas pelo la&ccedil;o <strong>for que executa 7 vezes. </strong>Isso garante que as 7 temperaturas ser&atilde;o lidas do arquivo e armazenadas no vetor lista_temperaturas em suas respectivas posi&ccedil;&otilde;es.</p>\r\n\r\n<p>Nesse ponto, aprendemos como fazer a entrada de dados em vetores, onde, os dados podem vir tanto a partir do teclado quanto a partir de informa&ccedil;&otilde;es gravadas em um arquivo. Tamb&eacute;m aprendemos como imprimir o conte&uacute;do de vetores na sa&iacute;da do programa. Para isso utilizamos combina&ccedil;&otilde;es da estrutura de repeti&ccedil;&atilde;o <strong>for</strong>&nbsp;com os comandos de entrada e sa&iacute;da desejados. A partir desse momento podemos explorar algumas computa&ccedil;&otilde;es sobre o conte&uacute;do dos vetores.</p>\r\n\r\n<p>Para mais informa&ccedil;&otilde;es sobre manipula&ccedil;&atilde;o de arquivos em C veja:</p>\r\n\r\n<ul>\r\n\t<li>Tutorial:&nbsp;<a href=\"http://linguagemc.com.br/arquivos-em-c-categoria-usando-arquivos/\">http://linguagemc.com.br/arquivos-em-c-categoria-usando-arquivos/</a><iframe align=\"middle\" frameborder=\"0\" height=\"315\" scrolling=\"no\" src=\"https://www.youtube.com/embed/eriDnpkh5kA\" width=\"560\"></iframe></li>\r\n</ul>\r\n\r\n<h1>&nbsp;</h1>\r\n\r\n<h1>Opera&ccedil;&otilde;es com Vetores&nbsp;</h1>\r\n\r\n<p>Uma vez que as informa&ccedil;&otilde;es das temperaturas encontam-se armazenadas no vetor <strong>lista_temperaturas,</strong>&nbsp;podemos realizar algumas computa&ccedil;&otilde;es com esses valores. Vamos alterar o nosso programa para calcular a temperatura m&eacute;dia a partir do vetor lista_temperaturas.</p>\r\n\r\n<p>Adicione uma vari&aacute;vel <strong>soma</strong> do tipo <strong>float</strong>&nbsp;e um outro la&ccedil;o <strong>for</strong>&nbsp;antes da chamada a fun&ccedil;&atilde;o <strong>fclose(arquivio) </strong>ao final, como abaixo:</p>\r\n\r\n<pre>\r\n<code class=\"language-cpp\">#include &lt;stdio.h&gt;\r\nint main()\r\n{\r\n    FILE *arquivo; //vari\u00e1vel ponteiro para um arquivo (FILE)\r\n    float lista_temperaturas[7];\r\n    int index;\r\n\r\n    float soma=0.0; //armazena o somat\u00f3rio das temperaturas\r\n\r\n    arquivo = fopen(\"temperaturas.txt\", \"r\"); //abre o arquivo em modo de leitura\r\n\r\n    for(index=0; index&lt;7; index++)\r\n    {         \r\n         fscanf(arquivo, \"%f\", &amp;lista_temperaturas[index]);\r\n    }\r\n\r\n    printf(\"-----------TEMPERATURAS REGISTRADAS-------------\\n\\n\");\r\n    \r\n    for(index=0; index&lt;7; index++)\r\n    {\r\n        printf(\"Dia %i: %.2f\\n\", index + 1, lista_temperaturas[index]);\r\n    }\r\n\r\n    for(index=0; index&lt;7; index++)\r\n    {         \r\n         //insira aqui o c\u00f3digo para fazer o somat\u00f3rio das temperaturas\r\n    }\r\n\r\n    fclose(arquivo);\r\n    return 0;\r\n}</code></pre>\r\n\r\n<p>Agora modifique o c&oacute;digo para&nbsp;computar o somat&oacute;rio na vari&aacute;vel <strong>soma:</strong>&nbsp;</p>\r\n\r\n<pre>\r\n<code class=\"language-cpp\">#include &lt;stdio.h&gt;\r\nint main()\r\n{\r\n    FILE *arquivo; //vari\u00e1vel ponteiro para um arquivo (FILE)\r\n    float lista_temperaturas[7];\r\n    int index;\r\n\r\n    float soma=0.0; //armazena o somat\u00f3rio das temperaturas\r\n\r\n    arquivo = fopen(\"temperaturas.txt\", \"r\"); //abre o arquivo em modo de leitura\r\n\r\n    for(index=0; index&lt;7; index++)\r\n    {         \r\n         fscanf(arquivo, \"%f\", &amp;lista_temperaturas[index]);\r\n    }\r\n    \r\n    printf(\"-----------TEMPERATURAS REGISTRADAS-------------\\n\\n\");\r\n    \r\n    for(index=0; index&lt;7; index++)\r\n    {\r\n        printf(\"Dia %i: %.2f\\n\", index + 1, lista_temperaturas[index]);\r\n    }\r\n\r\n    for(index=0; index&lt;7; index++)\r\n    {         \r\n         soma = soma + lista_temperaturas[index]; //somat\u00f3rio\r\n    }\r\n    fclose(arquivo);\r\n    return 0;\r\n}</code></pre>\r\n\r\n<p>A vari&aacute;vel <strong>soma </strong>&nbsp;no c&oacute;digo acima&nbsp;ir&aacute; acumular o valor de todas as temperaturas no vetor <strong>lista_temperaturas,&nbsp;</strong>uma vez que, a vari&aacute;vel <strong>index</strong>&nbsp;ir&aacute; variar da posi&ccedil;&atilde;o 0 at&eacute; a posi&ccedil;&atilde;o 6, recuperando as respectivas temperaturas do vetor. Ap&oacute;s isso, basta computar a m&eacute;dia e apresentar o resultado:</p>\r\n\r\n<pre>\r\n<code class=\"language-cpp\">#include &lt;stdio.h&gt;\r\nint main()\r\n{\r\n    FILE *arquivo; //vari\u00e1vel ponteiro para um arquivo (FILE)\r\n    float lista_temperaturas[7];\r\n    int index;\r\n\r\n    float soma=0.0; //armazena o somat\u00f3rio das temperaturas\r\n\r\n    arquivo = fopen(\"temperaturas.txt\", \"r\"); //abre o arquivo em modo de leitura\r\n\r\n    for(index=0; index&lt;7; index++)\r\n    {         \r\n         fscanf(arquivo, \"%f\", &amp;lista_temperaturas[index]);\r\n    }\r\n    \r\n    printf(\"-----------TEMPERATURAS REGISTRADAS-------------\\n\\n\");\r\n    \r\n    for(index=0; index&lt;7; index++)\r\n    {\r\n        printf(\"Dia %i: %.2f\\n\", index + 1, lista_temperaturas[index]);\r\n    }\r\n\r\n    for(index=0; index&lt;7; index++)\r\n    {         \r\n         soma = soma + lista_temperaturas[index]; //somat\u00f3rio\r\n    }\r\n    printf(\"A temperatura m\u00e9dia \u00e9: %.2f\\n\", soma/7.0)\r\n\r\n    fclose(arquivo);\r\n    return 0;\r\n}</code></pre>\r\n\r\n<p>O comando <strong>printf</strong> adicionado imprime a m&eacute;dia obtida pela divis&atilde;o do conte&uacute;do da&nbsp;vari&aacute;vel <strong>soma</strong>&nbsp;pela quantidade. Execute o c&oacute;digo e observe o resultado!</p>", "order": 4, "owner": 1, "discipline": 1}}, {"model": "mydidata.topic", "pk": 8, "fields": {"uuid": "fAAagCQf4s8YBWtDa6imz5", "topic_title": "Libre Office Calc 1", "topic_content": "<p>Libre Office Calc &eacute; um editor de planilhas eletr&ocirc;nicas cuja principal fun&ccedil;&atilde;o &eacute; automatizar c&aacute;lculos atrav&eacute;s da elabora&ccedil;&atilde;o de f&oacute;rmulas e aplica&ccedil;&atilde;o de fun&ccedil;&otilde;es sobre conjuntos de dados. Para iniciar o Calc, acesse o menu Iniciar e selecione Libre Office (voc&ecirc; pode fazer uma busca tamb&eacute;m). Selecione a ferramenta Calc:<img alt=\"\" src=\"/workspace/uploads/tnunes/2018/02/04/screen-shot-2018-02-04-at-55646-pm.png\" /></p>\r\n\r\n<p><img alt=\"\" src=\"/workspace/uploads/2018/02/04/screen-shot-2018-02-04-at-55646-pm.png\" /><img alt=\"\" src=\"/media/uploads/2018/02/04/screen-shot-2018-02-04-at-55646-pm.png\" /></p>\r\n\r\n<p>Ap&oacute;s iniciar o Calc a tela abaixo &eacute; apresentada:</p>\r\n\r\n<p><img alt=\"\" src=\"/media/uploads/2018/02/05/calc.png\" style=\"height:497px; width:1018px\" /></p>\r\n\r\n<p>Para inserir informa&ccedil;&otilde;es nas c&eacute;lulas, clique em uma c&eacute;lula, d&ecirc; <strong>dois cliques</strong>&nbsp;e comece a digitar. Voc&ecirc; pode tamb&eacute;m usar um &uacute;nico clique na c&eacute;lula e come&ccedil;ar a digitar a informa&ccedil;&atilde;o. Digite o conte&uacute;do abaixo na sua planilha:</p>\r\n\r\n<p><img alt=\"\" src=\"/media/uploads/2018/02/05/calc2.png\" style=\"height:317px; width:987px\" /></p>\r\n\r\n<p>Selecione os valores num&eacute;ricos das colunas <strong>Pre&ccedil;o e Desconto</strong>&nbsp;e formate como valor monet&aacute;rio da seguinte forma:</p>\r\n\r\n<ol>\r\n\t<li>Posicione o cursor na c&eacute;lula <strong>B3 (250),&nbsp;</strong>segure a tecla SHIFT e utilize as setas do teclado para selecionar at&eacute; a c&eacute;lula <strong>C7 (12)</strong>. Voc&ecirc; pode tamb&eacute;m clicar na c&eacute;lula <strong>B3, segurar o Click e arrastar at&eacute; a c&eacute;lula C7&nbsp;</strong>para selecionar os valores.</li>\r\n\t<li>Clique na op&ccedil;&atilde;o de formata&ccedil;&atilde;o de valor monet&aacute;rio <strong>$</strong> na barra de formata&ccedil;&atilde;o, de acordo com a imagem abaixo:</li>\r\n</ol>\r\n\r\n<p><img alt=\"\" src=\"/media/uploads/2018/02/06/calc3.png\" style=\"height:253px; width:595px\" /></p>\r\n\r\n<p>A planilha deve ficar desse jeito:</p>\r\n\r\n<p><img alt=\"\" src=\"/media/uploads/2018/02/06/calc4_VGAuV6k.png\" style=\"height:156px; width:459px\" /></p>\r\n\r\n<p>Vamos calcular a coluna <strong>Pre&ccedil;o com Desconto&nbsp;</strong>subtraindo os valores da coluna <strong>Desconto</strong> dos valores da coluna <strong>Pre&ccedil;o: </strong></p>\r\n\r\n<p><strong>Pre&ccedil;o com Desconto = Pre&ccedil;o - Desconto.</strong></p>\r\n\r\n<p>Para realizar essa opera&ccedil;&atilde;o precisamos antes entender como as c&eacute;lulas s&atilde;o nomeadas no Calc. Cada c&eacute;lula pode ser referenciada utilizando-se a letra da coluna e o n&uacute;mero da linha. Por exemplo, a c&eacute;lula com o pre&ccedil;o da <strong>Mem&oacute;ria (R$ 250,00)&nbsp;</strong>&eacute; a c&eacute;lula <strong>B3,&nbsp;</strong>pois o valor <strong>R$ 250,00</strong> encontra-se na <strong>coluna B</strong> e na <strong>linha 3.&nbsp;</strong>Do mesmo modo, a c&eacute;lula que cont&eacute;m o desconto para o produto Mem&oacute;ria, de R$ 10,00, &eacute; denominada <strong>C3, </strong>pois o valor est&aacute; na <strong>coluna C</strong> e na <strong>linha 3.&nbsp;</strong>Observe&nbsp;a figura abaixo e repare nos nomes das c&eacute;lulas destacados:</p>\r\n\r\n<p><img alt=\"\" src=\"/media/uploads/2018/02/06/calc5.png\" style=\"height:124px; width:334px\" /></p>\r\n\r\n<p>&nbsp;</p>\r\n\r\n<p>Desse modo, para calcular o pre&ccedil;o com desconto da mem&oacute;ria, coloque o cursor na c&eacute;lula <strong>D3 e </strong>digite a f&oacute;rmula abaixo e aperte enter:</p>\r\n\r\n<p>=B3 - C3</p>\r\n\r\n<p>Vai ficar desse jeito:</p>\r\n\r\n<p><img alt=\"\" src=\"/media/uploads/2018/02/06/calc6.png\" style=\"height:176px; width:540px\" /></p>\r\n\r\n<p>Ap&oacute;s apertar a tecla <strong>Enter,&nbsp;</strong>voc&ecirc; ir&aacute; calcular&nbsp;o pre&ccedil;o com desconto da mem&oacute;ria inserindo uma f&oacute;rmula que subtrai o conte&uacute;do da c&eacute;lula <strong>C3</strong> da c&eacute;lula <strong>B3.&nbsp;</strong>Para calcular os pre&ccedil;os com desconto para os demais produtos, d&ecirc; um &uacute;nico Click na c&eacute;lula <strong>D3,&nbsp;</strong>clique no pequeno quadrado no canto inferior direito, clique e arraste para baixo, at&eacute; alcan&ccedil;ar a <strong>linha 7.&nbsp;</strong>Veja a imagem abaixo:</p>\r\n\r\n<p><img alt=\"\" src=\"/media/uploads/2018/02/06/calc7_uY1zF2q.png\" /></p>\r\n\r\n<h1>Formatando</h1>\r\n\r\n<p>Vamos formatar a linha 1 da tabela mesclando as c&eacute;lulas A1, B1, C1 e D1. Tamb&eacute;m vamos centralizar o se conte&uacute;do.</p>\r\n\r\n<p><img alt=\"\" src=\"/media/uploads/2018/02/06/calc8.png\" style=\"height:237px; width:733px\" /></p>\r\n\r\n<p>Agora, altere a cor de fundo das c&eacute;lulas alternando as linhas entre cor branca e outra cor de sua prefer&ecirc;ncia.</p>\r\n\r\n<p><img alt=\"\" src=\"/media/uploads/2018/02/06/calc9.png\" style=\"height:246px; width:722px\" /></p>\r\n\r\n<p>Altere a cor de fundo das linhas at&eacute; chegar ao resultado abaixo. Depois disso coloque as duas primeiras linhas em Negrito:</p>\r\n\r\n<p><img alt=\"\" src=\"/media/uploads/2018/02/06/calc10.png\" style=\"height:364px; width:643px\" /></p>\r\n\r\n<p>&nbsp;</p>\r\n\r\n<p>Por &uacute;ltimo adicione as bordas a sua planilha e observe o resultado:</p>\r\n\r\n<p><img alt=\"\" src=\"/media/uploads/2018/02/06/calc11.png\" style=\"height:257px; width:580px\" /></p>\r\n\r\n<p>&nbsp;</p>", "order": 1, "owner": 1, "discipline": 3}}, {"model": "mydidata.topic", "pk": 9, "fields": {"uuid": "cvjk2pyuNFNmsvKov9HLoe", "topic_title": "Calc - Refer\u00eancias Absolutas e Relativas", "topic_content": "<p>Baixe a seguinte planilha clicando&nbsp;<a href=\"/media/uploads/2018/02/20/ref_abs_rel_1.ods\">aqui</a>.</p>\r\n\r\n<ol>\r\n\t<li>Na c&eacute;lula <strong>B8&nbsp;</strong>existe a informa&ccedil;&atilde;o da porcentagem de desconto desejada pelo vendedor (0,1), ou seja, 10%. Formate a c&eacute;lula <strong>B8</strong>&nbsp;como porcentagem usando o bot&atilde;o <span style=\"font-size:16px\"><strong>%&nbsp;</strong></span><span style=\"font-size:12px\">localizado na barra de formata&ccedil;&atilde;o.</span></li>\r\n\t<li>Vamos calcular a coluna de desconto extraindo a porcentagem do pre&ccedil;o. Para isso, bata multiplicar o pre&ccedil;o pela porcentagem de desconto, localizada na c&eacute;lula <strong>B8:</strong></li>\r\n</ol>\r\n\r\n<p><img alt=\"\" src=\"/media/uploads/2018/02/20/calc_ref_2.png\" style=\"height:212px; width:598px\" /></p>\r\n\r\n<ol>\r\n\t<li>Clique e arraste para calcular o desconto para os demais produtos:</li>\r\n</ol>\r\n\r\n<p><img alt=\"\" src=\"/media/uploads/2018/02/20/calc23.png\" style=\"height:192px; width:638px\" /></p>\r\n\r\n<div style=\"background:#eeeeee; border:1px solid #cccccc; padding:5px 10px\"><span style=\"color:#c0392b\">Repare que os valores foram todos zerados!</span></div>\r\n\r\n<p>Abra a f&oacute;rmula de uma das c&eacute;lulas e repare que a multiplica&ccedil;&atilde;o que deveria utilizar a c&eacute;lula <strong>B8&nbsp;</strong>tamb&eacute;m foi alterado no processo. O valor passou a ser B9, B10, B11, ... Por isso o c&aacute;lculo deu errado!</p>\r\n\r\n<p><img alt=\"\" src=\"/media/uploads/2018/02/20/calc24.png\" /></p>\r\n\r\n<p>Precisamos ent&atilde;o <strong>congelar a refer&ecirc;ncia</strong> na c&eacute;lula <strong>B8 </strong>antes de clicar e arrastar. Modifique a c&eacute;lula <strong>C3&nbsp;</strong>da sua planilha e adicione o operador de <strong>congelamento de&nbsp;refer&ecirc;ncias</strong>&nbsp;<strong><span style=\"font-size:16px\">$</span></strong> da seguinte forma:&nbsp;</p>\r\n\r\n<p><img alt=\"\" src=\"/media/uploads/2018/02/20/calc25.png\" style=\"height:189px; width:531px\" /></p>\r\n\r\n<p>Na figura acima, <strong>$B$8</strong> informa ao Calc para <strong>congelar a refer&ecirc;ncia na coluna B e na linha 8.</strong> Agora refa&ccedil;a o procedimento de clicar e arrastar para obter os valores corretos para a coluna <strong>Desconto:</strong></p>\r\n\r\n<p><strong><img alt=\"\" src=\"/media/uploads/2018/02/20/calc26.png\" /></strong></p>\r\n\r\n<p>Agora calcule a coluna do pre&ccedil;o com desconto subtraindo a <strong>Desconto</strong> da coluna <strong>Pre&ccedil;o:</strong></p>\r\n\r\n<p><strong><img alt=\"\" src=\"/media/uploads/2018/02/20/calc27.png\" /></strong></p>\r\n\r\n<p>Por fim, clique e arraste para obter o resultado para todos os produtos:</p>\r\n\r\n<p><img alt=\"\" src=\"/media/uploads/2018/02/20/calc28.png\" style=\"height:181px; width:497px\" /></p>", "order": 2, "owner": 1, "discipline": 3}}, {"model": "mydidata.classroom", "pk": 1, "fields": {"uuid": "AP6MeXsSYzKe9DwXG2YcV6", "name": "Engenharia Ambiental 2017.2", "students": [1, 8, 9, 11, 12, 13, 14, 15, 16, 17, 18, 19], "disciplines": [1]}}, {"model": "mydidata.classroom", "pk": 2, "fields": {"uuid": "NGtN5dCzZ64bpYGcCMcF9Q", "name": "Meio Ambiente - B", "students": [1, 22, 23, 24, 25, 26, 27, 28, 29, 30, 31, 32, 33, 34, 35, 36, 37, 38, 39, 40, 41, 42, 43, 44, 45, 46, 47, 48, 49, 50, 51], "disciplines": [3]}}, {"model": "mydidata.discipline", "pk": 1, "fields": {"uuid": "U62qU5Yg8HX4RndLTf9BZh", "name": "Computa\u00e7\u00e3o Aplicada", "students": [1, 8, 9, 10, 11, 12, 13, 14, 15, 16, 17, 18, 19]}}, {"model": "mydidata.discipline", "pk": 2, "fields": {"uuid": "swjibUQYgfWuDrQb3xgvn5", "name": "Redes de Computadores", "students": []}}, {"model": "mydidata.discipline", "pk": 3, "fields": {"uuid": "nHt7AbTASkFi4WUqdCMttL", "name": "Inform\u00e1tica Aplicada", "students": [1, 22, 23, 24, 25, 26, 27, 28, 29, 30, 31, 32, 33, 34, 35, 36, 37, 38, 39, 40, 41, 42, 43, 44, 45, 46, 47, 48, 49, 50, 51]}}]